Id,Name,FIGI,Ticker
1,Сбер - Взвешенный смарт фонд,BBG011C8J503,SBWS
2,Райффайзен Индекс МосБиржи,BBG00V0YCTS9,RCMX
3,FinEx Казначейские облигации США (USD),BBG00NRFC2X2,FXTB
4,БКС Фундаментальный Выбор,BBG00Q3DWRZ7,RU000A1007R9
5,БКС Мировые ресурсы,BBG0100QBVK7,RU000A102Q33
6,Альфа-Капитал Европа 600,BBG00Q3HQJ74,AKEU
7,Альфа-Капитал Управляемые облигации,BBG00V7649K4,AKMB
8,Альфа-Капитал Управляемые Российские Акции,BBG00YRW4B42,AKME
9,ВТБ Капитал – Фонд Акций,BBG00M0DNJ69,RU000A0JR282
10,Тинькофф Золото,BBG222222222,TGLD
11,БКС Драгоценные металлы,BBG0109Y68W5,RU000A0JVJ29
12,АТОН Дивиденды,TCS00A1030P5,AMDG
13,FinEx Акции немецких компаний,BBG005H7MXN2,FXDE
14,Сбер S&P 500,BBG00NTZWLM4,SBSP
15,FinEx Акции компаний IT-сектора США,BBG00Y6D0N45,FXIM
16,Тинькофф Еврооблигации EUR,TCS00A103TD2,TBEU
17,FinEx Акции глобального рынка,BBG00R9805F5,FXWO
18,ITI Funds Акции рос. компаний (индекс РТС),BBG00KMXFK61,RUSE
19,FinEx Казначейские облигации США,BBG006GYFHV6,FXMM
20,Сбер - Динамичный Смарт фонд,BBG011C8G9X2,SBDS
21,Сбер Индекс Мосбиржи ОФЗ,BBG00NJ6XQ74,SBGB
22,FinEx Акции глобального рынка,BBG00R980XY3,FXRW
23,FinEx Фонды недвижимости REIT,BBG013N16YX7,FXRE
24,ВТБ Акции компаний США,BBG00PGVPH30,VTBA
25,FinEx Облигации TIPS,TCS0BNYK7X86,FXTP
26,Райффайзен Еврооблигации,BBG00XY8T3L1,RCMB
27,FinEx Видеоигры и Киберспорт,BBG011Q55QS3,FXES
28,FinEx Еврооблигации рос. компаний (USD),BBG005N1KZX4,FXRU
29,РСХБ - Вектор Устойчивого развития,BBG00WJSKRX9,ESGR
30,Тинькофф Eurostocks 50,TCS00A103VE6,TEUS
31,Тинькофф AI-Robotics,TCS00A103VG1,TRAI
32,Тинькофф Semiconductors,TCS00A103VF3,TSOX
33,Тинькофф FinTech,TCS00A103VH9,TFNX
34,Тинькофф PAN-ASIA,TCS00A103VK3,TPAS
35,Тинькофф Emerging Markets,TCS00A103VJ5,TEMS
36,БКС Международные Облигации,BBG00Q3DWX57,RU000A100EP4
37,FinEx Облигации TIPS (RUB, хедж),BBG011C7ZVQ2,FXIP
38,FinEx Облигации с рублевыми дивидендами,BBG01236BLK6,FXRD
39,Тинькофф NASDAQ,BBG111111111,TECH
40,Тинькофф ESG Leaders,TCS00A103VM9,TSST
41,Тинькофф Вечный портфель RUB,BBG000000001,TRUR
42,Тинькофф Вечный портфель EUR,BBG000000002,TEUR
43,Тинькофф Вечный портфель USD,BBG000000000,TUSD
44,ВТБ Фонд Золото,BBG00V9V16J8,VTBG
45,Тинькофф BuyBack Leaders,TCS00A103VL1,TBUY
46,Тинькофф CyberSecurity,TCS00A103VN7,TCBR
47,FinEx Акции китайских компаний,BBG005VKB7D7,FXCN
48,БКС Восток-Запад,TCS00A103EX2,RU000A103EX2
49,ВТБ Корп облигации США,BBG00PVNWFM6,VTBH
50,ЗПИФ ПАРУС-ОЗН,TCS00A1022Z1,RU000A1022Z1
51,БКС Российские Еврооблигации,BBG00Q7256Z3,RU000A100EQ2
52,Сбер Индекс Еврооблигаций,BBG00NB6KGN0,SBCB
53,БКС Российские Акции,BBG000QYGY95,RU000A0JP773
54,Тинькофф NASDAQ Biotech,TCS00A102EK1,TBIO
55,Тинькофф Индекс IPO,TCS00A102EM7,TIPO
56,FinEx Акций компаний развитых стран без США,TCS0BMDKNM37,FXDM
57,Сбер Рублевые Корп Облигации,TCS00A100P44,SBRB
58,FinEx Акции компаний IT-сектора США,BBG005HLTYH9,FXIT
59,Сбер - Прогрессивный смарт фонд,BBG011C8JMM2,SBPS
60,Тинькофф S&P 500,TCS00A102EQ8,TSPX
61,FinEx Облигаций развитых рынков,BBG00ZXX3KF9,FXFA
62,Альфа-Капитал Технологии 100,BBG00NNQMD85,AKNX
63,БКС XXII век,BBG000G12HT8,RU000A0JP708
64,Альфа-Капитал Медицина,BBG011MM3NT8,AKMD
65,Сбер Халяльные инвестиции,BBG013RTHWK8,SBHI
66,БПИФ БСПБ - ОФЗ 1000,BBG011PTC038,SPBF
67,БКС Перспектива,BBG000LYZRF7,RU000A0HF0L2
68,ВТБ Ликвидность,BBG00RPRPX12,VTBM
69,АТОН Генетическая революция,TCS00A102XN5,AMGR
70,Тинькофф Bonds RUB,TCS00A1039N1,TBRU
71,АТОН Ставка на рост,TCS00A102Y17,AMGF
72,Тинькофф Green Economy,TCS00A1039P6,TGRN
73,АТОН Доходные облигации мира,TCS00A102XP0,AMHY
74,АТОН Серебро,TCS00A102Y09,AMSL
75,Альфа-Капитал S&P 500,BBG00P5M77Y0,AKSP
76,АТОН Инновации,TCS00A102XR6,AMIN
77,АТОН Цифровое будущее,TCS00A102Y33,AMSC
78,АТОН Золотодобытчики,TCS00A102XQ8,AMGM
79,АТОН Тихая гавань,TCS00A102Y25,AMLV
80,БКС Основа,BBG000NBB630,RU000A0JP799
81,БПИФ БСПБ - Корпоративные облигации 1000,BBG011PTCPF0,SPBC
82,ВТБ Индекс Мосбиржи,TCS00A101EJ5,VTBX
83,АТОН Медицина и биотех США,TCS00A102XT2,AMHC
84,АТОН Надежные облигации,TCS00A102XU0,AMIG
85,АТОН Лидеры роста США,TCS00A102XS4,AMMF
86,АТОН Недооцененные компании США,TCS00A102XV8,AMVF
87,АТОН Российские облигации +,TCS00A102XY2,AMRB
88,АТОН Облачные технологии,TCS00A102XW6,AMCC
89,АТОН Российские акции +,TCS00A102XX4,AMRE
90,АТОН Рынки возможностей,TCS00A102XZ9,AMEM
91,Сбер Индекс Мосбиржи,BBG00M0C8YM7,SBMX
92,Тинькофф SPAC,TCS00A102YC6,TSPV
93,Газпромбанк - Корпоративные облигации 2 года,BBG00PSSG7J9,GPBS
94,ВТБ Корпоративные облигации,BBG00MF4JRQ8,VTBB
95,FinEx Еврооблигации рос. компаний (RUB),BBG004HNZFH2,FXRB
96,FinEx Развивающиеся страны без Китая и Индии,BBG013T81ZQ6,FXEM
97,Сбер - Консервативный смарт фонд,BBG011C8J9N0,SBCS
98,ДОХОДЪ Индекс дивидендных акций РФ,BBG00YZ50N04,DIVD
99,FinEx Акции российских компаний,BBG0073DLHS1,FXRL
100,FinEx Акции американских компаний,BBG005HLSZ23,FXUS
101,Сбер - Осторожный смарт фонд,BBG011C8HRT6,SBRS
102,БКС Империя,BBG0109Y5S70,RU000A0JVHY6
103,ITI Funds Еврооблигации рос. эмитентов (USD),BBG00KMXH2C2,RUSB
104,БКС Облигации повышенной доходности МСП,BBG00ZNH2WL3,BCSB
105,Газпромбанк - Корпоративные облигации 4 года,BBG00PSSGFC8,GPBM
106,FinEx Акции казахстанских компаний,BBG00M8C8Y03,FXKZ
107,ДОХОДЪ Индекс акций роста РФ,BBG011FJLSL0,GROD
108,Альфа-Капитал Китайские Акции,BBG00YM3BX27,AKCH
109,Сбер Блокчейн Экономика,TCS00A104B87,SBBE
110,ЗПИФ ПАРУС-Сберлог,TCS00A104172,RU000A104172
111,ВТБ Корп еврооблигации РФ,BBG00RPRPBY4,VTBU
112,ВТБ - Фонд Акций развивающихся стран,BBG00PVNWQ15,VTBE
113,FinEx Золото,BBG005DXDPK9,FXGD
114,Тинькофф iMOEX,BBG333333333,TMOS
115,American Homes 4 Rent REIT,BBG003NXJNH6,AMH
116,КуйбышевАзот,BBG002B9MYC1,KAZT
117,Warby Parker,BBG005DWN8K8,WRBY
118,Valvoline,BBG003DNHV56,VVV
119,TG Therapeutics,BBG000FVZQY1,TGTX
120,Apollo Medical Holdings,BBG000H7ZK57,AMEH
121,Elastic NV,BBG00LWZDYB9,ESTC
122,Asana,BBG00WYHL732,ASAN
123,Mimecast Limited,BBG00B6W26V8,MIME
124,ChargePoint Holdings,BBG00Q741Z16,CHPT
125,Skyline Champion,BBG000BT2TP0,SKY
126,2seventy bio,BBG00YV1J622,TSVT
127,Atea Pharmaceuticals,BBG00TZNCJ75,AVIR
128,Upstart Holdings,BBG00PKCBY53,UPST
129,Ренессанс Страхование,BBG00QKJSX05,RENI
130,EchoStar Corporation,BBG000TGLV00,SATS
131,СПБ Биржа,BBG002GHV6L9,SPBE
132,BeyondSpring,BBG00F9YLST6,BYSI
133,AbCellera Biologics,BBG00LLW2MF2,ABCL
134,Clearway Energy,BBG008LJ4TF3,CWEN
135,ЯТЭК,BBG002B298N6,YAKG
136,AZEK Company,BBG00RPJPN67,AZEK
137,Globant SA,BBG00564Y443,GLOB
138,Camden Property REIT,BBG000BB0V03,CPT
139,CyberArk Software Ltd,BBG006Q52QV2,CYBR
140,Magna International Inc.,BBG000BNLPJ7,MGA
141,Lucid Group,BBG00W7F99V5,LCID
142,CACI International,BBG000KQY8Y7,CACI
143,Overstock.com,BBG000BF7BV7,OSTK
144,Dun & Bradstreet Holdings,BBG00VCZX9Z6,DNB
145,Marathon Digital Holdings,BBG001K7WBT8,MARA
146,QIAGEN NV,BBG000GTYWL7,QGEN
147,Alight,BBG00H00J2N1,ALIT
148,Olin Corp,BBG000BQHTV3,OLN
149,Alcon,BBG00NPWH832,ALC
150,Arrival,BBG00YFSF9D7,ARVL
151,АДР Циан,BBG012YQ6P43,CIAN
152,Pacific Biosciences of California,BBG000QKXH20,PACB
153,Stellantis N.V.,BBG0078ZLDG9,STLA
154,Berkeley Lights,BBG00HJ8K617,BLI
155,Beam Therapeutics,BBG00KXC8646,BEAM
156,GitLab,BBG00DHTYPH8,GTLB
157,Toast,BBG00BTJVK94,TOST
158,Nexters Inc,BBG00Z5KBW72,GDEV
159,Лента,BBG0063FKTD9,LENT
160,FIGS,BBG004SK5VL9,FIGS
161,ZIM Integrated Shipping Services,BBG00YQ7XR05,ZIM
162,Riskified,BBG011P2TCH8,RSKD
163,MP Materials,BBG00TJGL0F0,MP
164,Thomson Reuters Corporation,BBG000BBS9F6,TRI
165,Life Storage REIT,BBG000C42VL3,LSI
166,Cerence,BBG00MMDJG84,CRNC
167,ГДР Softline,BBG0136BTL03,SFTL
168,Kyndryl Holdings,BBG012W99DN6,KD
169,Wix.com Ltd,BBG005CM7J89,WIX
170,JFrog Ltd.,BBG006PWZX16,FROG
171,Pan American Silver Corp,BBG000C0RGY3,PAAS
172,nCino,BBG014GJ8XH2,NCNO
173,DLocal,BBG00XGCHFV7,DLO
174,Fulcrum Therapeutics,BBG00DDY1RK9,FULC
175,eXp World Holdings,BBG001DCTG63,EXPI
176,SAP SE,BBG000BG7GX2,SAP@DE
177,Royal Bank of Canada,BBG000BSSC44,RY
178,SouthState Corp,BBG000BNPYN9,SSB
179,TaskUs,BBG009CL6VK3,TASK
180,Vitesco Technologies Group AG,BBG00ZVC67K7,VTSC@DE
181,New York Community Bancorp,BBG000BVXPZ8,NYCB
182,Envista Holdings,BBG00LN4B5N0,NVST
183,WP Carey REIT,BBG000BCQM58,WPC
184,Riot Blockchain,BBG000BQ4512,RIOT
185,Oak Street Health,BBG00W0L8GW3,OSH
186,Positive Technologies,TCS00A103X66,POSI
187,RenaissanceRe Holdings,BBG000BFVZ83,RNR
188,The Beauty Health Company,BBG00XKM1DC3,SKIN
189,Sprout Social,BBG001K1CT23,SPT
190,Arch Capital Group,BBG000HXNN20,ACGL
191,Consensus Cloud Solutions,BBG0105XBRH0,CCSI
192,Maravai LifeSciences Holdings,BBG00Y1DFV91,MRVI
193,OneMain Holdings,BBG005497GZ3,OMF
194,Sylvamo Corp.,BBG0122M8031,SLVM
195,Sangamo Therapeutics,BBG000BHYT80,SGMO
196,TPG,BBG0145FSNR1,TPG
197,ГДР Kaspi.kz JSC,BBG00XV2T033,KSPI@GS
198,Snowflake Inc,BBG007DHGNJ4,SNOW
199,Rivian Automotive,BBG00741Y1N2,RIVN
200,Graphic Packaging Holding Company,BBG000GQ7K93,GPK
201,Rocket Lab,BBG00Y61SZL5,RKLB
202,Lithium Americas Corp.,BBG000BGM5P8,LAC
203,GoPro,BBG001LWHLJ8,GPRO
204,Voya Financial,BBG000BCWKD6,VOYA
205,PennyMac Financial Services,BBG00LMYX123,PFSI
206,Orion Office REIT,BBG0118JXCD9,ONL
207,SelectQuote,BBG000GTP1B6,SLQT
208,Bentley Systems,BBG000BMSRR9,BSY
209,Confluent,BBG007HWGYQ5,CFLT
210,1Life Healthcare,BBG0026ZDDQ0,ONEM
211,Red Rock Resorts,BBG00B6G8077,RRR
212,Vista Outdoor,BBG006F8QZK4,VSTO
213,Medical Properties REIT,BBG000BGRB25,MPW
214,Aurinia Pharmaceuticals,BBG000BCRJM5,AUPH
215,Kratos Defense & Security Solutions,BBG000C1HQ43,KTOS
216,XPEL,BBG000R5XCX9,XPEL
217,Stem,BBG00XP8NQN4,STEM
218,First Industrial REIT,BBG000CKGDS5,FR
219,Fisker,BBG00LPWLFD4,FSR
220,C3.ai, Inc,BBG00Y6G6X31,AI
221,Novavax,BBG000NVSBL7,NVAX
222,Affirm Holdings,BBG00Y7BP8Y1,AFRM
223,Kilroy Realty Corp REIT,BBG000BLMXN8,KRC
224,Vertiv Holdings Co,BBG00L2B8KW8,VRT
225,Amcor,BBG00LNJRQ09,AMCR
226,КуйбышевАзот - Акции привилегированные,BBG002B9T6Y1,KAZTP
227,Lightspeed Commerce,BBG00PZ78ZM0,LSPD
228,VEON,BBG00R4Z2NT4,VEON-RX
229,Fiverr International,BBG002YSC5M7,FVRR
230,FirstCash,BBG0145KL747,FCFS
231,CubeSmart REIT,BBG000HF28Q9,CUBE
232,PubMatic,BBG001PKMK06,PUBM
233,SoFi Technologies,BBG00YB1ZD58,SOFI
234,Open Lending Corp,BBG00VDHLSQ6,LPRO
235,Fulgent Genetics,BBG00DR7LTG2,FLGT
236,UBS Group,BBG007DJM539,UBS
237,Monday.Com,BBG00GF8K4W4,MNDY
238,Matterport,BBG00XS0FV56,MTTR
239,Desktop Metal,BBG00P17H053,DM
240,Loyalty Ventures,BBG012QVD574,LYLT
241,DigitalOcean Holdings,BBG00ZGF6SS3,DOCN
242,Pembina Pipeline Corporation,BBG001732GF9,PBA
243,Inovio Pharmaceuticals,BBG000BK6YX5,INO
244,BigCommerce Holdings,BBG00W1PSSJ0,BIGC
245,Nubank,BBG0136WM1M4,NU
246,Duolingo,BBG003D4V951,DUOL
247,Danimer Scientific,BBG00S4VMQT2,DNMR
248,Astra Space,BBG00W7FG4V8,ASTR
249,3D Systems Corp,BBG000D42FJ0,DDD
250,Twist Bioscience,BBG006KDCHJ4,TWST
251,Canadian National Railway Co,BBG000HS74G6,CNI
252,Lordstown Motors Corp,BBG00N6NL712,RIDE
253,Washington Federal, Inc.,BBG000BWQTD0,WAFD
254,Hyliion Holdings Corp.,BBG00N9MJTZ9,HYLN
255,Forward Air Corporation,BBG000BRCHB4,FWRD
256,Nurix Therapeutics Inc,BBG00SDJ8M78,NRIX
257,Shopify Inc,BBG008HBD923,SHOP
258,MicroVision,BBG000BVKXQ5,MVIS
259,Procore Technologies,BBG0026ZJ304,PCOR
260,Sunrun Inc,BBG0025XVR85,RUN
261,CEL SCI Corporation,BBG000H5G6L5,CVM
262,AMERISAFE, Inc.,BBG000Q0JJQ0,AMSF
263,United medical group,BBG011MCM288,GEMC
264,CNX Resources Corporation,BBG000CKVSG8,CNX
265,Jabil Inc.,BBG000BJNGN9,JBL
266,Exponent, Inc.,BBG000F31Z34,EXPO
267,MDU Resources Group, Inc.,BBG000BNX3R4,MDU
268,Logitech International SA,BBG000BQNNP6,LOGI
269,DoubleVerify Holdings, Inc.,BBG00ZNRRJM2,DV
270,Triterras,BBG00Y4RPMM1,TRIT
271,Marqeta, Inc.,BBG0112Z87D8,MQ
272,New Fortress Energy,BBG00MJH9LC4,NFE
273,Paymentus Holdings,BBG010MW0N84,PAY
274,ZipRecruiter Inc,BBG010JBYV98,ZIP
275,National Fuel Gas Company,BBG000BPYD87,NFG
276,CRISPR Therapeutics AG,BBG00DBBGRX1,CRSP
277,UiPath, Inc.,BBG00GKS1G03,PATH
278,Eargo,BBG009HSTZ10,EAR
279,ChoiceOne Financial Services, Inc.,BBG000LLRNX3,COFS
280,Middlesex Water Company,BBG000BPGQ60,MSEX
281,Prothena Corporation,BBG003PDKJF7,PRTA
282,Flowers Foods, Inc.,BBG000BB4D72,FLO
283,Vaxart Inc,BBG000DR0RZ7,VXRT
284,AppHarvest,BBG00VDGP717,APPH
285,Vectrus, Inc.,BBG005PG80K4,VEC
286,ALX Oncology Holdings Inc,BBG00VR8SDG8,ALXO
287,Zymergen Inc.,BBG0077HPN74,ZY
288,Recursion Pharmaceuticals, Inc.,BBG00PQ4XJ45,RXRX
289,Steven Madden, Ltd.,BBG000BLV2Q3,SHOO
290,Cleanspark Inc,BBG001MB89V6,CLSK
291,Alamo Group Inc.,BBG000BJTZX0,ALG
292,ONE Gas,BBG004WQKD07,OGS
293,AppLovin Corporation,BBG006HFPX77,APP
294,SentinelOne, Inc.,BBG00B6F2F09,S
295,PriceSmart, Inc.,BBG000BTKR92,PSMT
296,Silgan Holdings Inc.,BBG000BPDDB6,SLGN
297,IAA, Inc.,BBG00K7ZQ662,IAA
298,KKR & Co. Inc.,BBG000BCQ6J8,KKR
299,Cognyte Software Ltd.,BBG00R0ZFHV4,CGNT
300,Inseego Corp,BBG00DWX7QH0,INSG
301,GXO Logistics, Inc.,BBG00YDGX945,GXO
302,Avista Corporation,BBG000BCNF74,AVA
303,PJT Partners Inc.,BBG0079T1PZ6,PJT
304,Qualtrics International Inc.,BBG00M9BHPZ5,XM
305,Unity Software,BBG0056JW5G6,U
306,Gaming and Leisure Properties REIT,BBG003MSMCS6,GLPI
307,Kadant Inc.,BBG000BKRSZ3,KAI
308,ATN International, Inc,BBG000F8RCH1,ATNI
309,IDACORP, Inc.,BBG000BLR3Y7,IDA
310,Luminar Technologies,BBG00MS90LK2,LAZR
311,Viasat,BBG000HHLBF9,VSAT
312,Hamilton Lane Incorporated,BBG00FX58Q66,HLNE
313,Skillz Inc,BBG00RQ732B6,SKLZ
314,Applied Molecular Transport,BBG00R240WL5,AMTI
315,McGrath RentCorp,BBG000BP02D2,MGRC
316,Kopin Corporation,BBG000C2SBZ8,KOPN
317,Autoliv, Inc.,BBG000BVLRY8,ALV
318,Affimed NV,BBG006R5SSH5,AFMD
319,Stepan Company,BBG000BSMFN2,SCL
320,Tattooed Chef, Inc.,BBG00LN7Q496,TTCF
321,Victorias Secret & Co.,BBG01103B471,VSCO
322,Cameco Corporation,BBG000DSZTN6,CCJ
323,WW International, Inc.,BBG000DY6735,WW
324,Silvergate Capital Corp.,BBG00MMM95S7,SI
325,ESCO Technologies Inc.,BBG000C4S3P3,ESE
326,Corsair Gaming Inc,BBG00HMSHL83,CRSR
327,Gentex Corporation,BBG000BKJ092,GNTX
328,Paychex Inc,BBG000BQSQ38,PAYX
329,Poshmark,BBG0029ZBN50,POSH
330,Terreno REIT,BBG000PV3J62,TRNO
331,Cassava Sciences,BBG000BK9YW3,SAVA
332,QuantumScape Corporation,BBG00VJ17DS2,QS
333,EastGroup Properties REIT,BBG000BHRBT4,EGP
334,Совкомфлот,BBG000R04X57,FLOT
335,ROBLOX Corp,BBG001R1GCT0,RBLX
336,Robinhood Markets, Inc.,BBG008NMBXN8,HOOD
337,Vimeo,BBG00ZNSSKP3,VMEO
338,City Holding Company,BBG000BFJFX3,CHCO
339,CONMED Corporation,BBG000BFZVH8,CNMD
340,Albany International Corp.,BBG000BRWWH3,AIN
341,Bionano Genomics, Inc.,BBG001KWWRS9,BNGO
342,BankUnited, Inc.,BBG000PQPCM6,BKU
343,Doximity, Inc.,BBG0026ZJQX7,DOCS
344,Academy Sports & Outdoors,BBG00X7L1C14,ASO
345,NovoCure Limited,BBG009XW8PY2,NVCR
346,Reynolds Consumer Products Inc.,BBG00QVJVYB5,REYN
347,Clover Health Investments, Corp.,BBG00SHY90J5,CLOV
348,Squarespace, Inc.,BBG00389GQ73,SQSP
349,United Bankshares, Inc.,BBG000BVXC87,UBSI
350,АДР Just Eat Takeaway.com N.V.,BBG010R8C3Y4,GRUB
351,Essential Utilities, Inc.,BBG000BRMJN6,WTRG
352,Cowen, Inc.,BBG000ND1SB0,COWN
353,LifeStance Health Group,BBG01138DGZ7,LFST
354,STERIS,BBG00MRHG523,STE
355,Plug Power Inc,BBG000C1XSP8,PLUG
356,IAC InterActiveCorp,BBG00S1LR2C3,IAC
357,GoodRx Holdings Inc,BBG00X0VP8D9,GDRX
358,N-able,BBG00YJKWXD8,NABL
359,ALLETE, Inc.,BBG000CYW7N5,ALE
360,Minerals Technologies Inc.,BBG000BB61F7,MTX
361,Praxis Precision Medicines,BBG00W9LF2G5,PRAX
362,ICF International, Inc.,BBG000BBXVK5,ICFI
363,SJW Group,BBG000BT1ZY7,SJW
364,Solid Biosciences,BBG00JN4FXG8,SLDB
365,Organon & Co.,BBG00ZQRGW24,OGN
366,First Financial Bankshares, Inc.,BBG000BL8476,FFIN
367,Global-E Online Ltd,BBG00ZKY1P71,GLBE
368,Barrick Gold,BBG000BB07P9,GOLD
369,BJs Wholesale Club Holdings, Inc.,BBG00FQ8T4G3,BJ
370,ACI Worldwide, Inc.,BBG000PMBV39,ACIW
371,Workhorse Group Inc,BBG000BDPB15,WKHS
372,KnowBe4,BBG00C4DL9L4,KNBE
373,Brixmor Property Group REIT,BBG001LFLZZ1,BRX
374,Blink Charging Co,BBG000F9XKN7,BLNK
375,ICON plc,BBG000CTSZQ6,ICLR
376,Graphite Bio, Inc.,BBG00XDH4NZ2,GRPH
377,Bloomin Brands, Inc.,BBG002VZ68Y2,BLMN
378,Frontdoor, Inc.,BBG00H9MNDZ2,FTDR
379,TotalEnergies SE,IZHBULDINKDK,TOT
380,Aspira Womens Health,BBG000BTYP37,AWH
381,Hawaiian Electric Industries, Inc.,BBG000BL0P40,HE
382,AstraZeneca PLC,BBG000BZ0DK8,AZN
383,Vuzix Corp,BBG000QKVV49,VUZI
384,Chemours Company,BBG005H82GB2,CC
385,CarParts.com,BBG000N26V95,PRTS
386,DermTech,BBG00H19F184,DMTK
387,Gevo,BBG000P7S7L7,GEVO
388,Velodyne Lidar,BBG00M0X4584,VLDR
389,Seagate,BBG0113JGQF0,STX
390,Encore Wire Corporation,BBG000CQCCK6,WIRE
391,Independent Bank Group, Inc.,BBG003981NS4,IBTX
392,TuSimple Holdings,BBG00ZSDS6T8,TSP
393,Shoals Technologies Group, Inc.,BBG00YQ82275,SHLS
394,ГК Мать и дитя,BBG00Y3XYV94,MDMG
395,NV5 Global Inc,BBG005BT60Y8,NVEE
396,Constellation Pharmaceuticals,BBG000R1H6P8,CNST
397,Innospec,BBG000BMFNP4,IOSP
398,Bilibili Inc,BBG00K7T3037,BILI
399,Oil States International Inc,BBG000BDDN94,OIS
400,Virtus Investment Partners,BBG000DMFQS2,VRTS
401,Ultra Clean Holdings Inc,BBG000HSLV70,UCTT
402,BASF SE,BBG000BBVVK7,BAS@DE
403,Post Holdings Inc,BBG001WTBC36,POST
404,Schrodinger Inc,BBG000T88BN2,SDGR
405,Magnolia Oil & Gas Corp,BBG00GNC8DL2,MGY
406,T-Mobile US Inc,BBG000NDV1D4,TMUS
407,Yext Inc,BBG001MKZGY7,YEXT
408,Teladoc Health Inc,BBG0019T5SG0,TDOC
409,Globaltrans Investment PLC,BBG000VFX6Y4,GLTR
410,Borussia Dortmund GmbH & Co KG,BBG000D54JC4,BVB@DE
411,Independent Bank Corp,BBG000BM0597,INDB
412,LCI Industries,BBG000DNLMB0,LCII
413,Arcturus Therapeutics Holdings,BBG00NNW8JK1,ARCT
414,Primerica,BBG000T8ZF80,PRI
415,Amicus Therapeutics,BBG000PLF6N0,FOLD
416,Howard Hughes Corp,BBG000MJRJJ2,HHC
417,FormFactor Inc,BBG000D1Y3P1,FORM
418,Peloton Interactive Inc,BBG00JG0FFZ2,PTON
419,Cullen/Frost Bankers,BBG000C2PL98,CFR
420,Sony Corp,BBG000BT7ZK6,SONY
421,Enphase Energy Inc,BBG001R3MNY9,ENPH
422,Balchem Corp,BBG000BCY878,BCPC
423,Seattle Genetics Inc,TCS000BH0FR6,SGEN_old
424,Delivery Hero SE,BBG00GVXMJ74,DHER@DE
425,Fresenius SE,BBG000BS3CD1,FRE@DE
426,Palantir Technologies Inc,BBG000N7QR55,PLTR
427,Builders FirstSource Inc,BBG000BKD3K9,BLDR
428,Editas Medicine Inc,BBG005MX5GZ2,EDIT
429,Sberbank of Russia PJSC,BBG001VBZR00,SBER@GS
430,Hubbell,BBG000BLK267,HUBB
431,Redfin Corp,BBG001Q7HP63,RDFN
432,MD Medical Group Investments PLC,BBG003GTN5S5,MDMG
433,Hill-Rom Holdings,BBG000BKWCS0,HRC
434,Белуга Групп ПАО ао,BBG000TY1CD1,BELU
435,Tetra Tech,BBG000BYZ0Q5,TTEK
436,Chatham Lodging REIT,BBG000PT6BR8,CLDT
437,Chesapeake Energy Corporation,TCS651671075,CHKold
438,Twilio Inc,BBG0029ZX840,TWLO
439,Evergy, Inc,BBG00H433CR2,EVRG
440,MSA Safety,BBG000BPDXF8,MSA
441,BWX Technologies,BBG000D86F25,BWXT
442,Anterix,BBG0081NLHR0,ATEX
443,Iridium Communications Inc,BBG000VC0FC1,IRDM
444,MRC Global Inc,BBG000BKLTM1,MRC
445,Coupang, Inc.,BBG00XMJRPQ8,CPNG
446,Novartis AG,BBG000LYF3S8,NVS
447,Lindsay Corporation,BBG000FJS1S8,LNN
448,Leidos Holdings,BBG000C23PB0,LDOS
449,VIZIO Holding Corp.,BBG00ZHDJVK4,VZIO
450,Equity LifeStyle Properties REIT,BBG000BB7SX7,ELS
451,Kodiak Sciences Inc,BBG00BVR0D02,KOD
452,ITT,BBG00CVQZQ96,ITT
453,Azenta,BBG000DX9JV7,AZTA
454,NCR Corp,BBG000BMXK89,NCR
455,Simply Good Foods Co,BBG00GVP5JL4,SMPL
456,Medallia Inc,BBG001BPKGT0,MDLA
457,Match Group Inc,TCS00B6WH9G3,MTCH_old
458,Virtu Financial, Inc.,BBG0064N2T78,VIRT
459,YETI Holdings Inc,BBG00D8JC882,YETI
460,American Outdoor Brands Corp,TCS000BM0QL7,AOBC
461,Farfetch Ltd,BBG00LSD4456,FTCH
462,Trupanion Inc,BBG002BC7WC5,TRUP
463,Simulations Plus Inc.,BBG000BS2ZD1,SLP
464,Toro,BBG000BVQRY3,TTC
465,Deutsche Wohnen SE,BBG000GM6Y84,DWNI@DE
466,Perficient Inc,BBG000BVXFK6,PRFT
467,Inari Medical Inc,BBG009J8K7M0,NARI
468,Applied Therapeutics,BBG000DD0489,APLT
469,CMC Materials,BBG000BP3NW2,CCMP
470,John Bean Technologies,BBG000VLBCQ1,JBT
471,Valmont Industries,BBG000BWB7V4,VMI
472,Glaukos Corp,BBG000WG2LQ1,GKOS
473,ACM Research Inc,BBG00HPSG933,ACMR
474,Catalent Inc,BBG005XR47P5,CTLT
475,MKS Instruments,BBG000BVMG26,MKSI
476,Arvinas Inc,BBG00LW7YK82,ARVN
477,World Wrestling Entertainment,BBG000F5YH15,WWE
478,Acceleron Pharma Inc,BBG000R5HWZ1,XLRN
479,Sabra Health Care REIT,BBG000MTDW24,SBRA
480,Duluth Holdings Inc,BBG002GBMZG4,DLTH
481,Curtiss-Wright,BBG000BGSPS5,CW
482,Datadog Inc,BBG003NJHZT9,DDOG
483,Interactive Brokers Group Inc,BBG000LV0836,IBKR
484,Uber,BBG002B04MT8,UBER
485,Royal Gold,BBG000BS5170,RGLD
486,CoreSite Realty Corp,BBG000BCSPR5,COR
487,QuinStreet Inc,BBG000S9XXB8,QNST
488,Fidelity National Financial, Inc.,BBG006N7S6K9,FNF
489,Zumiez Inc,BBG000PYX812,ZUMZ
490,Gray Television Inc,BBG000DSQLQ0,GTN
491,Toyota Motor Corp,BBG000BPH299,TM
492,Renewable Energy Group Inc,BBG0016SSV00,REGI
493,Black Diamond Therapeutics Inc,BBG00MS4Y0W9,BDTX
494,Merck KGaA,BBG000BX4S53,MRK@DE
495,OrthoPediatrics Corp,BBG00HFFRW39,KIDS
496,HEICO,BBG000BL16Q7,HEI
497,LivePerson Inc,BBG000BSV0W5,LPSN
498,Intra-Cellular Therapies, Inc,BBG0026ZFZC4,ITCI
499,Lamb Weston Holdings Inc,BBG003CVMLQ2,LW
500,Adidas,BBG000FR1RP5,ADS@DE
501,AmerisourceBergen Corp,BBG000MDCQC2,ABC
502,Hibbett, Inc.,BBG000H001V3,HIBB
503,Commercial Metals Company,BBG000BFSND8,CMC
504,Echo Global Logistics Inc,BBG000RFP8W6,ECHO
505,Deutsche Boerse AG,BBG000D54HT0,DB1@DE
506,PhosAgro PJSC,BBG001R16GZ5,PHOR@GS
507,Abercrombie & Fitch,BBG000H9G7X2,ANF
508,1-800-Flowers.com Inc,BBG000BBR9P6,FLWS
509,Crowdstrike Holdings Inc,BBG00BLYKS03,CRWD
510,Neenah,BBG000QCQ764,NP
511,MaxLinear Inc,BBG000BB6R33,MXL
512,Natera inc,BBG001J1BQ86,NTRA
513,Evonik Industries AG,BBG001PD3L10,EVK@DE
514,Community Bank System,BBG000BF4D19,CBU
515,Spire Inc.,BBG000BN6KG8,SR
516,Karuna Therapeutics Inc,BBG00NN875G0,KRTX
517,Vonage Holdings Corp,BBG000BRB5D9,VG
518,Lancaster Colony,BBG000BN1M88,LANC
519,Лензолото - привилегированные акции,BBG000SR0YS4,LNZLP
520,Dell Technologies Inc,BBG00DW3SZS1,DELL
521,Muenchener Rueckversicherungs-Gesellschaft AG,BBG000BD9FD1,MUV2@DE
522,Houlihan Lokey, Inc.,BBG000CZTB66,HLI
523,Intellia Therapeutics Inc,BBG007KC7PB0,NTLA
524,Henkel AG & Co,BBG000BC3BJ2,HEN3@DE
525,AAON,BBG000C2LZP3,AAON
526,Cloudera Inc,BBG000DRJFC8,CLDR
527,Moderna Inc,BBG003PHHZT1,MRNA
528,Providence Service Corp The,TCS000P1B7C8,PRSC
529,Corcept Therapeutics Inc,BBG000BKJG33,CORT
530,FTC Solar, Inc.,BBG0320C1036,FTCI
531,South Jersey Industries, Inc,BBG000BT0T72,SJI
532,Compass Minerals International,BBG000C42WS4,CMP
533,CSG Systems International Inc,BBG000G3TQV2,CSGS
534,Snap Inc,BBG00441QMJ7,SNAP
535,Krystal Biotech Inc,BBG00HDGRHH7,KRYS
536,Arconic,BBG00R45JYB7,ARNC
537,CEVA,BBG000BN3P07,CEVA
538,EMCOR Group,BBG000BBRPL4,EME
539,Marvell Technology, Inc.,BBG00ZXBJ153,MRVL
540,Freedom Holding Corp/NV,BBG000N625H8,FRHC
541,United Technologies,BBG0089KM290,UTX
542,Sistema PJSFC,BBG000G7B4C2,SSA@GS
543,TreeHouse Foods Inc,BBG000GQGJT4,THS
544,National Oilwell Varco,TCS000BJX8C8,NOV_old
545,Allogene Therapeutics Inc,BBG00KHRRDX3,ALLO
546,AtriCure,BBG000BL6CB5,ATRC
547,IAC InterActiveCorp,TCS000BKQG80,IAC_old
548,USANA Health Sciences Inc,BBG000BX28M0,USNA
549,CloudFlare Inc,BBG001WMKHH5,NET
550,BOK Financial,BBG000CFZ003,BOKF
551,Medifast Inc,BBG000BWBW76,MED
552,Kemper,BBG000H3GDJ8,KMPR
553,Brown & Brown,BBG000BWSGF4,BRO
554,Marcus & Millichap Inc,BBG005GBRSR6,MMI
555,MTU Aero Engines AG,BBG000BVTPQ3,MTX@DE
556,Americold REIT,BBG000QF05R6,COLD
557,REGENXBIO Inc,BBG007Z9V591,RGNX
558,Colfax Corp,BBG000C5Z443,CFX
559,Spectrum Brands Holdings Inc,BBG000DS5588,SPB@US
560,Meritor Inc,BBG000BH92D1,MTOR
561,First Citizens BancShares, Inc.,BBG000BJCDS3,FCNCA
562,Workiva Inc,BBG007BVZ8H9,WK
563,Integer Holdings Corp,BBG000BW6JV4,ITGR
564,VMware,BBG000BC9938,VMW
565,Synaptics Inc,BBG000BQV1S2,SYNA
566,Siemens Healthineers AG,BBG00KY6K4L0,SHL@DE
567,Tradeweb Markets,BBG00NK8H8T2,TW
568,Avantor Inc,BBG00G2HHYD7,AVTR
569,EverQuote,BBG00F17NDH7,EVER
570,UMB Financial,BBG000DD8WX1,UMBF
571,Dynatrace Inc,BBG00PNN7C40,DT
572,Seacoast Banking Corp of Flori,BBG000KK3464,SBCF
573,East West Ban,BBG000CR20B1,EWBC
574,Box Inc,BBG000PMSK08,BOX
575,NMI Holdings Inc,BBG005DLMMZ6,NMIH
576,Bayer,BBG000BBWF85,BAYN@DE
577,Dropbox Inc,BBG0018SLDN0,DBX
578,Turning Point Therapeutics Inc,BBG00NPL9WH7,TPTX
579,Angi Inc,BBG00HVKH3Q0,ANGI
580,Innovative Industrial Properties REIT,BBG00F0SW7N8,IIPR
581,Bill.com Holdings Inc,BBG00QVJV6V4,BILL
582,Denali Therapeutics Inc,BBG008P7F869,DNLI
583,Oceaneering International Inc,BBG000CPBCL8,OII
584,World Acceptance Corp,BBG000C3G9J2,WRLD
585,Viatris Inc,BBG00Y4RQNH4,VTRS
586,Apartment Income REIT,BBG00XK3WVD0,AIRC
587,Blackstone,BBG000BH0106,BX
588,CorEnergy Infrastructure REIT,BBG000CN80Y9,CORR
589,FIBROGEN INC,BBG000FW5ZL6,FGEN
590,Apartment Investment & Management,TCS3748R7540,AIV_old
591,Compugen,BBG000B9ZLB0,CGEN
592,Littelfuse,BBG000BGFGT8,LFUS
593,Carvana Co,BBG00GCTWDJ3,CVNA
594,Covestro AG,BBG00DW0PN34,1COV@DE
595,Molina Healthcare Inc,BBG000MBHNC8,MOH
596,AptarGroup,BBG000BGX2S0,ATR
597,Funko Inc,BBG00HXSHDQ9,FNKO
598,Carl Zeiss Meditec AG,BBG000C7X325,AFX@DE
599,Health Insurance Innovations,TCS003QRSQD3,HIIQ
600,Pennant Group Inc,BBG00P33SY72,PNTG
601,OraSure Technologies Inc,BBG000J3D1Y8,OSUR
602,Infineon Technologies AG,BBG000C8L273,IFX@DE
603,Appian Corp,BBG001C7PMJ2,APPN
604,Stoneridge Inc,BBG000BB9Q78,SRI
605,Li Auto,BBG00W0KZD98,LI
606,Pacira BioSciences Inc,BBG0018FQNS6,PCRX
607,B&G Foods Inc,BBG000RKXRQ1,BGS
608,Marriott Vacations Worldwide Corporation,BBG001J2R5H3,VAC
609,Bio-Techne,BBG000C15114,TECH
610,Webster Financial Corporation,BBG000BWMX63,WBS
611,Unitil Corporation,BBG000BW7X97,UTL
612,Chewy Inc,BBG00P19DKZ6,CHWY
613,DoorDash,BBG005D7QCJ3,DASH
614,Regal Rexnord,BBG000BRXTR8,RRX
615,Reinsurance Group of America I,BBG000BDLCQ0,RGA
616,Cabot Microelectronics,TCS2709P1030,CCMP_old
617,TCS Group,BBG00QPYJ5H0,TCSG
618,Cohen & Steers Inc,BBG000BB0WG4,CNS
619,Entegris Inc,BBG000CTV4N4,ENTG
620,Heron Therapeutics Inc,BBG000G2GJT7,HRTX
621,Madrigal Pharmaceuticals Inc,BBG000QS6NV8,MDGL
622,ServiceMaster Global Holdings,TCS002WMH2F2,SERV
623,Tabula Rasa HealthCare In,BBG00BT7PPY8,TRHC
624,American Outdoor Brands Inc,BBG00QV8FS02,AOUT
625,Zynerba Pharmaceuticals Inc,BBG007BBS8B7,ZYNE
626,Science Applications Internati,BBG003BW05K6,SAIC
627,Magnit PJSC,BBG000VFBQG4,MGNT@GS
628,Arcutis Biotherapeutics,BBG00QN8K4M4,ARQT
629,Quaker Chemical Corp,BBG000DZS2L9,KWR
630,Томская распределительная компания,BBG000MDCJV7,TORS
631,Cardlytics Inc,BBG00225ZDD0,CDLX
632,IGM Biosciences Inc,BBG00PNR1BT2,IGMS
633,Fastly Inc,BBG004NLQHL0,FSLY
634,Sally Beauty Holdings Inc,BBG000LR8515,SBH
635,California Water Service,BBG000D8KTN6,CWT
636,Xencor Inc,BBG0026ZG4W0,XNCR
637,Landstar System,BBG000BB2KN0,LSTR
638,CyrusOne REIT,BBG0038V5TX1,CONE
639,Blackline Inc,BBG0029KJVB0,BL
640,Coca-Cola Consolidated Inc,BBG000BG1SX2,COKE
641,Invitae Corp,BBG005DJFD43,NVTA
642,Progyny Inc,BBG002H1K1H1,PGNY
643,Commerce Bancshares,BBG000BF3G77,CBSH
644,Aerie Pharmaceuticals Inc,BBG001KJ7WJ5,AERI
645,Piper Sandler Companies,BBG000FQXC75,PIPR
646,Shenandoah Telecommunications,BBG000BTC2N0,SHEN
647,РУСАЛ,TCS008F2T3T2,RUAL_old
648,Invitation Homes REIT,BBG00FQH6BS9,INVH
649,Deutsche Telekom AG,BBG000HJTMS9,DTE@DE
650,M/I Homes Inc,BBG000BL9MZ4,MHO
651,Eagle Pharmaceuticals Inc,BBG005Y3XWH9,EGRX
652,Axos Financial Inc,BBG000QPHD08,AX
653,Fresenius Medical Care AG & Co,BBG000DHXTF1,FME@DE
654,Kinsale Capital Group,BBG00D8JD9Z9,KNSL
655,Spirit Realty Capital REIT,BBG0027Z6X10,SRC
656,Pilgrim's Pride Corp,BBG000BFLXV3,PPC
657,STAAR Surgical Co,BBG000C4QB95,STAA
658,Chefs' Warehouse Inc,BBG001MFW6D6,CHEF
659,J&J Snack Foods Corp,BBG000BMGPW0,JJSF
660,Bayerische Motoren Werke AG,BBG000BBXB74,BMW@DE
661,Livongo Health Inc,BBG0073X4TB8,LVGO
662,O-I Glass,BBG00R2JZG39,OI
663,KB Home,BBG000BMLWX8,KBH
664,Ligand Pharmaceuticals Inc,BBG000BKF014,LGND
665,Novolipetsk Steel PJSC,BBG000PR0PJ6,NLMK@GS
666,ChemoCentryx, Inc,BBG000PTSB12,CCXI
667,Avnet,BBG000BCPB71,AVT
668,RWE AG,BBG000BBQ209,RWE@DE
669,HUGO BOSS AG,BBG000BD0GG5,BOSS@DE
670,Roku Inc,BBG001ZZPQJ6,ROKU
671,Gazprom PJSC,BBG000KGYRF8,OGZD@GS
672,Cara Therapeutics Inc,BBG001J2QYS9,CARA
673,Fate Therapeutics Inc,BBG000QP35H2,FATE
674,Cogent Communications,BBG000D0SMY8,CCOI
675,Tennant Company,BBG000JCZJS2,TNC
676,G1 Therapeutics Inc,BBG005F1DK91,GTHX
677,Deutsche Post AG,BBG000LW3NX5,DPW@DE
678,Technip Energies N.V.,BBG00Z9D5GD9,TE
679,Stride, Inc,BBG000QSXPZ9,LRN
680,Airbnb, Inc,BBG001Y2XS07,ABNB
681,Duke Realty REIT,BBG000BHD8S7,DRE
682,Reata Pharmaceuticals Inc,BBG000R33BD1,RETA
683,Nicolet Bankshares,BBG000QK0TG5,NCBS
684,Aerojet Rocketdyne Holdings In,BBG000BKRHQ7,AJRD
685,Bank of Hawaii,BBG000C8D8G9,BOH
686,Vocera Communications Inc,BBG00179VSY7,VCRA
687,Квадра - привилегированные акции,BBG000BS4180,TGKDP
688,STAG Industrial REIT,BBG000BGLFP7,STAG
689,8x8 Inc,BBG000BCGHH7,EGHT
690,ГК Самолет,BBG00F6NKQX3,SMLT
691,CenturyLink,TCS000BGLRN3,LUMNold
692,Rheinmetall AG,BBG000BWT790,RHM@DE
693,Healthcare Trust of America REIT,BBG000PRJCX9,HTA
694,10X Genomics Inc,BBG007WX14X0,TXG
695,Donaldson Co,BBG000BGZP70,DCI
696,Axogen Inc,BBG000BN46R9,AXGN
697,Blueprint Medicines Corp,BBG001MC8YF7,BPMC
698,Zynex Inc,BBG000BJBXZ2,ZYXI
699,Pinterest Inc,BBG002583CV8,PINS
700,Casella Waste Systems,BBG000BT0J38,CWST
701,Atara Biotherapeutics Inc,BBG005Q3MQY4,ATRA
702,VK,BBG00178PGX3,VKCO
703,Allianz SE,BBG000BBFBD7,ALV@DE
704,Travel + Leisure Co.,TBG000PV2L86,TNL
705,National Instruments,BBG000DZK6N6,NATI
706,Upwork Inc,BBG00FBJ6390,UPWK
707,Slack Technologies Inc,BBG007G7V505,WORK
708,nLight Inc,BBG0020BCPX5,LASR
709,CSX Corp,BBG000BGJRC8,CSX
710,Tactile Systems Technology Inc,BBG001B12Z39,TCMD
711,Aimmune Therapeutics Inc,BBG005NMB2L4,AIMT
712,ContextLogic,BBG006DZTJ56,WISH
713,US Physical Therapy Inc,BBG000CSRSG6,USPH
714,FirstCash,BBG000DNF659,FCFS
715,Entergy Corporation,BBG000C1FQS9,ETR
716,Фармсинтез,BBG0019K04R5,LIFE
717,NXP Semiconductors NV,BBG000BND699,NXPI
718,Adaptive Biotechnologies,BBG001J2PFF5,ADPT
719,EnerSys,BBG000PWTD92,ENS
720,Grocery Outlet Holding Corp,BBG00P4R3079,GO
721,Applied Industrial Technologies,BBG000BBHHP9,AIT
722,MGM Resorts International,BBG000C2BXK4,MGM
723,Pagseguro Digital Ltd,BBG00JM7QBR6,PAGS
724,Carrier Global,BBG00RP5HYS8,CARR
725,Русская аквакультура,BBG000W325F7,AQUA
726,Halozyme Therapeutics Inc,BBG000CZ8W54,HALO
727,Heska Corp,BBG000BWFH48,HSKA
728,LUKOIL PJSC,BBG000NN8497,LKOD@GS
729,Vonovia SE,BBG000BT0ZM1,VNA@DE
730,Supernus Pharmaceuticals Inc,BBG000BP0HX7,SUPN
731,Zurn Water Solutions,BBG000H8R0N8,ZWS
732,PolyOne Corp,TCS000C8NJ10,POLold
733,PGT Innovations Inc,BBG000FX3Y66,PGTI
734,CDW Corp,BBG001P63B80,CDW
735,Franklin Electric Co,BBG000BJGGV8,FELE
736,Evotec AG,BBG000C23DD5,EVT@DE
737,Digital Turbine Inc,BBG000HZ3562,APPS
738,National Presto Industries Inc,BBG000BQ4GG2,NPK
739,Natura & Co Holding S.A.,BBG00R4ZKPN5,NTCO
740,Addus HomeCare Corp,BBG000NJGX84,ADUS
741,Lantheus Holdings Inc,BBG006Q52RD0,LNTH
742,CDK Global,BBG006B6PVN9,CDK
743,Concentrix Corporation,BBG00RCNQMX3,CNXC
744,Inmode Ltd,BBG00PPS73P4,INMD
745,Check Point Software Technologies Ltd,BBG000K82ZT8,CHKP
746,ProPetro Holding Corp,BBG00FYCQ352,PUMP
747,Bridgebio Pharma,BBG00P9KDZK6,BBIO
748,Evercore,BBG000BP30Y0,EVR
749,Veracyte Inc,BBG001J2M542,VCYT
750,BioXcel Therapeutics,BBG00K20GVD2,BTAI
751,Eaton Vance,BBG000DBVBY4,EV
752,CareDx Inc,BBG006JS5785,CDNA
753,Arena Pharmaceuticals Inc,BBG000BKXBV7,ARNA
754,American Water Works,BBG000TRJ294,AWK
755,PRA Group Inc,BBG000BNTW77,PRAA
756,Lyft Inc,BBG004M9ZHX5,LYFT
757,Levi Strauss & Co,BBG000BQDF10,LEVI
758,Red River Bancshares,BBG000QKNLB2,RRBI
759,Service Corp International/US,BBG000BTHH16,SCI
760,AECOM,BBG000F61RJ8,ACM
761,Сегежа,BBG0100R9963,SGZH
762,Revolve Group Inc,BBG00M4RHBD0,RVLV
763,Beyond Meat Inc,BBG003CVJP50,BYND
764,UGI Corp,BBG000BVYN55,UGI
765,Dunkin’ Brands Group,BBG001P3K000,DNKN
766,Otis Worldwide,BBG00RP60KV0,OTIS
767,HeadHunter Group PLC,BBG00KHGQ0H4,HHR
768,Liberty Broadband Corporation,BBG006GNSZW5,LBRDK
769,Hochtief AG,BBG000BC3WH8,HOT@DE
770,QTS Realty Trust,BBG0054B20Z8,QTS
771,Omega Healthcare Investors REIT,BBG000BGBTC2,OHI
772,Varonis Systems Inc,BBG001Y04TN6,VRNS
773,Southwest Gas Holdings,BBG00FWP4JW4,SWX
774,Petropavlovsk PLC,BBG00VPKLPX4,POGR
775,Royal Dutch Shell (A),BBG000QXSSS6,RDS.A
776,Deutsche Bank AG,BBG000BBZW12,DBK@DE
777,Freshpet Inc,BBG001D0HB36,FRPT
778,Vir Biotechnology,BBG00H2QQ8T5,VIR
779,Dicerna Pharmaceuticals,BBG001J1DB23,DRNA
780,Kite Realty Group REIT,BBG000BC2KW8,KRG
781,NorthWestern Corporation,BBG000Q1NMJ4,NWE
782,Stifel Financial,BBG000BSS5C0,SF
783,Encore Capital Group Inc,BBG000F369C7,ECPG
784,DraftKings Inc,BBG00TCBG714,DKNG
785,Zogenix Inc,BBG000VDC3G9,ZGNX
786,Louisiana-Pacific Corporation,BBG000BNF508,LPX
787,HeidelbergCement AG,BBG000BWRTS3,HEI@DE
788,Vontier Corporation,BBG00RRGSJR4,VNT
789,The Aarons Company,BBG00WCNDCZ6,AAN
790,Tucows Inc,BBG000L69KL5,TCX
791,Appfolio Inc,BBG008GC8CP6,APPF
792,Hostess Brands Inc,BBG00B6KGNN1,TWNK
793,ГДР Etalon Group PLC,BBG001M2SC01,ETLN
794,Severstal PJSC,BBG000Q3XWC4,SVST@GS
795,Continental AG,BBG000BBZBV5,CON@DE
796,Jack in the Box,BBG000GZYVY1,JACK
797,National Western Life Group In,BBG008HNHZ07,NWLI
798,eHealth Inc,BBG000P5JQX6,EHTH
799,Ovintiv Inc.,BBG00R2NHQ65,OVV
800,NAC Kazatomprom JSC,BBG00MJM7K82,KAP@GS
801,SBA Communications REIT,BBG000D2M0Z7,SBAC
802,Cardiovascular Systems Inc,BBG000NWQ9S5,CSII
803,Lattice Semiconductor Corp,BBG000C2D1C1,LSCC
804,Ally Financial Inc,BBG000BC2R71,ALLY
805,Graco,BBG000BK9W84,GGG
806,Global Net Lease REIT,BBG004HXD0G8,GNL
807,Esperion Therapeutics Inc,BBG004KB3S72,ESPR
808,Ares Capital Corp,BBG000PD6X77,ARCC
809,Brinker International Inc,BBG000BK28N7,EAT
810,WR Berkley,BBG000BD1HP2,WRB
811,TTM Technologies Inc,BBG000BYQ0B1,TTMI
812,En+ Group,BBG000RMWQD4,ENPG
813,Darling Ingredients Inc,BBG000BN8ZK8,DAR
814,PTC Therapeutics,BBG000QT15P7,PTCT
815,Sonoco Products Co,BBG000D7HF89,SON
816,Prosperity Bancshares,BBG000BHY4D9,PB
817,Morningstar,BBG000CGQ4F7,MORN
818,Aon,BBG00SSQFPK6,AON
819,Zoom Video Communications Inc,BBG0042V6JM8,ZM
820,Portland General Electric,BBG000BCRMW7,POR
821,Cable One,BBG000F02T51,CABO
822,WillScot Mobile Mini Holdings,BBG00B0FS947,WSC
823,Селигдар - Акции привилегированные,BBG002Z693D3,SELGP
824,Monolithic Power Systems,BBG000C30L48,MPWR
825,ANI Pharmaceuticals Inc,BBG000KK1L04,ANIP
826,Domino's Pizza Inc,BBG000P458P3,DPZ
827,Takeda Pharmaceutical Co Ltd,BBG000LF8708,TAK
828,APA Corporation,BBG00YTS96G2,APA
829,Viela Bio,BBG00K6P5XM1,VIE
830,PROG Holdings,BBG00VSH86G4,PRG
831,Monro,BBG000C0BZD1,MNRO
832,New York Times,BBG000FFC0B3,NYT
833,BMC Stock Holdings Inc,BBG004PQN2M2,BMCH
834,Pinnacle Financial Partners In,BBG000C1XKF6,PNFP
835,Parsons,BBG000C3TKY6,PSN
836,Energizer Holdings Inc,BBG006FCB019,ENR
837,Vericel Corp,BBG000BDCM24,VCEL
838,Deutsche Lufthansa AG,BBG000BC6M41,LHA@DE
839,DISH Network Corp,BBG000C2YHG9,DISH
840,Goosehead Insurance, Inc.,BBG00KHHBMC5,GSHD
841,WD-40 Co,BBG000BWNV93,WDFC
842,West Pharmaceutical Services I,BBG000BX24N8,WST
843,Iovance Biotherapeutics Inc,BBG000FTLBV7,IOVA
844,Deciphera Pharmaceuticals Inc,BBG00HMJ9H54,DCPH
845,Inspire Medical Systems Inc,BBG00209SZJ7,INSP
846,IDEX Corp,BBG000C1HN22,IEX
847,ZoomInfo Technologies Inc,BBG00S1HJ3M8,ZI
848,Intercept Pharmaceuticals Inc,BBG001J1QN87,ICPT
849,MGIC Investment Corp,BBG000CBMH27,MTG
850,Q2 Holdings Inc,BBG005ZVK9P2,QTWO
851,Spotify Technology SA,BBG003T4VFC2,SPOT
852,Harsco Corp,BBG000BLH3P8,HSC
853,Mesa Laboratories Inc,BBG000BP3PW7,MLAB
854,Focus Financial Partners Inc,BBG00L0YTFN8,FOCS
855,Volkswagen AG,BBG000BFCS17,VOW3@DE
856,Virgin Galactic Holdings Inc Class A,BBG00HTN2CQ3,SPCE
857,K12 Inc,TCS000QSXPZ9,LRN_old
858,Ozon Holdings PLC,BBG00Y91R9T3,OZON
859,Choice Hotels International In,BBG000BPBTL2,CHH
860,Совкомфлот,ISSUANCEFLOT,FLOT
861,Apple Hospitality REIT,BBG006473QX9,APLE
862,ИСКЧ,BBG000N16BP3,ISKJ
863,American Financial Group,BBG000DPKKK0,AFG
864,E.ON SE,BBG000BR7PK2,EOAN@DE
865,GATX Corporation,BBG000BKGXQ4,GATX
866,Change Healthcare Inc,BBG0059KNH10,CHNG
867,Selective Insurance Group,BBG000BSZ738,SIGI
868,Glacier Ban,BBG000C3KB84,GBCI
869,Vanda Pharmaceuticals Inc,BBG000HT5MG6,VNDA
870,Cortexyme Inc,BBG00BTK1DT8,CRTX
871,Smith & Wesson Brands,BBG000BM0QL7,SWBI
872,SL Green Realty,TCS000BVP5P2,SLG_old
873,Take-Two Interactive Software,BBG000BS1YV5,TTWO
874,NetScout Systems Inc,BBG000C136Z8,NTCT
875,Everbridge Inc,BBG0022FMPD5,EVBG
876,Ferro Corp,BBG000BJQK11,FOE
877,OGE Energy Corp.,BBG000BQGLS5,OGE
878,Apergy Corporation,TCS00JH9TZ56,APY
879,Murphy USA Inc,BBG001Z0Q6T5,MUSA
880,Coursera, Inc.,BBG002WLDMW5,COUR
881,Wintrust Financial,BBG000HD3DW5,WTFC
882,Coinbase,BBG00ZGF7771,COIN
883,Western Alliance Bancorp,BBG000Q1KFH4,WAL
884,Brady,BBG000BDNV95,BRC
885,Westamerica Bancorporation,BBG000DD3KP1,WABC
886,Madison Square Garden Entertainment,BBG00L9HLWV8,MSGE
887,ePlus Inc,BBG000HN7W02,PLUS
888,Rapid7 Inc,BBG009DFHWG6,RPD
889,Hanover Insurance Group,BBG000FJH8W0,THG
890,Boot Barn Holdings Inc,BBG0077SYZV6,BOOT
891,Malibu Boats Inc,BBG005PXTR70,MBUU
892,Nevro,BBG001K61W36,NVRO
893,Altair Engineering Inc,BBG000PN9NB9,ALTR
894,LPL Financial Holdings,BBG000P2TYL8,LPLA
895,Agios Pharmaceuticals Inc,BBG000QY4ZD0,AGIO
896,Cornerstone OnDemand Inc,BBG0016X4XN6,CSOD
897,PUMA SE,BBG000BLMTR3,PUM@DE
898,Siemens AG,BBG000BCCT76,SIE@DE
899,Ingersoll-Rand,BBG002R1CW27,IR
900,Novatek PJSC,BBG000QY6FL3,NVTK@GS
901,Yum China Holdings,BBG00B8N0HG1,YUMC
902,Polyus PJSC,BBG00H2CS6K7,PLZL@GS
903,NeoGenomics Inc,BBG000BKH263,NEO
904,American Eagle Outfitters Inc,BBG000BGXZB5,AEO
905,SONOS INC,BBG001JZPSQ2,SONO
906,Fix Price Group,BBG00ZHCX1X2,FIXP
907,Univar Solutions Inc,BBG000BDHD29,UNVR
908,Stamps.com Inc,BBG000CZ4KF3,STMP
909,O'Key Group SA,BBG00172J7S9,OKEY
910,АДР SAP,BBG000BDSLD7,SAP
911,Regeneron Pharmaceuticals,BBG000C734W3,REGN
912,ScanSource Inc,BBG000BHTPZ4,SCSC
913,Exelixis Inc,BBG000BQ4WF8,EXEL
914,ТрансКонтейнер,BBG0018X6YV1,TRCN
915,BioMarin Pharmaceutical Inc,BBG000CZWZ05,BMRN
916,Лензолото,BBG000SK7JS5,LNZL
917,Cooper-Standard Holdings Inc,BBG000PSXT64,CPS
918,Teradyne Inc,BBG000BV4DR6,TER
919,Insulet Corp,BBG000R7XX87,PODD
920,Coherent Inc,BBG000BG1DH3,COHR
921,CF Industries Holdings,BBG000BWJFZ4,CF
922,Spirit AeroSystems Holdings,BBG000PRJ2Z9,SPR
923,Syneos Health Inc,BBG0078Y1D92,SYNH
924,LKQ Corporation,BBG000PXDL44,LKQ
925,КАМАЗ,BBG000LNHHJ9,KMAZ
926,Ryder System,BBG000BRVP70,R
927,Weibo Corporation,BBG0065XPGX9,WB
928,Qurate Retail Inc,BBG000PCQQL6,QRTEA
929,Worthington Industries Inc,BBG000HL7499,WOR
930,Madison Square Garden Co,BBG007FG0C23,MSGS
931,Oracle,BBG000BQLTW7,ORCL
932,АбрауДюрсо,BBG002W2FT69,ABRD
933,Aetna,BBG000FJLFX8,AET
934,ASGN Inc,BBG000CRN8N8,ASGN
935,ГДР X5 RetailGroup,BBG00JXPFBN0,FIVE
936,Omnicom Group,BBG000BS9489,OMC
937,AT&T,BBG000BSJK37,T
938,American International Group,BBG000BBDZG3,AIG
939,Unum,BBG000BW2QX0,UNM
940,Mastercard,BBG000F1ZSQ2,MA
941,Viacom,BBG000DHSPT0,VIAB
942,Финансовая группа БУДУЩЕЕ,BBG00F40L971,FTRE
943,Globus Medical Inc,BBG002V87SD0,GMED
944,Conagra Brands,BBG000BDXGP9,CAG
945,China Mobile,BBG000BB0P33,CHL
946,Аэрофлот,BBG004S683W7,AFLT
947,Goldman Sachs,BBG000C6CFJ5,GS
948,Capri Holdings Limited,BBG0029SNR63,CPRI
949,BOEING,BBG000BCSST7,BA
950,Align Technology,BBG000BRNLL2,ALGN
951,Bright Horizons Family Solutio,BBG003LFWP05,BFAM
952,Freeport-McMoRan,BBG000BJDB15,FCX
953,Nokia,BBG000BNGBW9,NOK
954,IDEXX,BBG000BLRT07,IDXX
955,LG Display,BBG000FJ0RK9,LPL
956,Endo International PLC,BBG000C0HQ54,ENDP
957,АВТОВАЗ,BBG000NLHC48,AVAZ
958,Lam Research,BBG000BNFLM9,LRCX
959,Centene Corporation,BBG000BDXCJ5,CNC
960,CoreLogic Inc United States,BBG000C2H3F0,CLGX
961,Baidu,BBG000QXWHD1,BIDU
962,Paylocity Holding Corp,BBG006598YS8,PCTY
963,Hess,BBG000BBD070,HES
964,Центральный Телеграф,BBG000BBV4M5,CNTL
965,Yelp Inc,BBG000Q2HM09,YELP
966,Perspecta,BBG00KMXKWF9,PRSP
967,Wabtec Corp.,BBG000BDD940,WAB
968,LabCorp,BBG000D9DMK0,LH
969,Verisk Analytics,BBG000BCZL41,VRSK
970,Kellogg,BBG000BMKDM3,K
971,Halliburton,BBG000BKTFN2,HAL
972,Macy's,BBG000C46HM9,M
973,ManpowerGroup Inc,BBG000BNMHS4,MAN
974,Regency Centers REIT,BBG000BL46Q4,REG
975,Oshkosh Corporation,BBG000CC53X1,OSK
976,Jack Henry & Associates Inc,BBG000BMH2Q7,JKHY
977,Интер РАО ЕЭС,BBG004S68473,IRAO
978,Cisco,BBG000C3J3C9,CSCO
979,Berry Global Group Inc,BBG000Q1R1Y9,BERY
980,FMC,BBG000BJP882,FMC
981,The AES Corporation,BBG000C23KJ3,AES
982,GrubHub Inc,BBG001KWG293,GRUB
983,Humana,BBG000BLKK03,HUM
984,Credit Acceptance Corp,BBG000CS0D96,CACC
985,Corteva Inc,BBG00BN969C1,CTVA
986,ACADIA Pharmaceuticals Inc,BBG000BHG9K0,ACAD
987,Avon Products,BBG000BCNYT9,AVP
988,Livent Corporation,BBG00LV3NRG0,LTHM
989,Franklin Resources,BBG000BD0TF8,BEN
990,Hologic,BBG000C3NTN5,HOLX
991,Центральный Телеграф - акции привилегированные,BBG0027F0Y27,CNTLP
992,TransDigm,BBG000L8CBX4,TDG
993,Alleghany Corp,BBG000BX6BJ3,Y
994,МРСК Центра,BBG000VH7TZ8,MRKC
995,KLA-Tencor,BBG000BMTFR4,KLAC
996,Prudential Financial,BBG000HCJMF9,PRU
997,Gossamer Bio Inc,BBG00MVWLLM2,GOSS
998,Diodes Inc,BBG000G25P51,DIOD
999,Jones Lang LaSalle Inc,BBG000C2L2L0,JLL
1000,Cintas,BBG000H3YXF8,CTAS
1001,Alphabet Class C,BBG009S3NB30,GOOG
1002,Dollar Tree,BBG000BSC0K9,DLTR
1003,Activision Blizzard,BBG000CVWGS6,ATVI
1004,Columbus McKinnon Corp,BBG000BCWWV0,CMCO
1005,JM Smucker,BBG000BT1715,SJM
1006,Cooper Tire & Rubber Co,BBG000BGKXV2,CTB
1007,WEC Energy Group,BBG000BWP7D9,WEC
1008,NOW Inc,BBG005BLN209,DNOW
1009,Norfolk Southern,BBG000BQ5DS5,NSC
1010,Toll Brothers Inc,BBG000BVHBM1,TOL
1011,Columbia Sportswear Company,BBG000BKKQ84,COLM
1012,Dril-Quip Inc,BBG000BVDBY2,DRQ
1013,РусАгро,BBG007N0Z367,AGRO
1014,Under Armour (C),BBG009DTD8H2,UA
1015,Магнит,BBG004RVFCY3,MGNT
1016,PC Connection Inc,BBG000BX74M4,CNXN
1017,WEX Inc,BBG000BVZP59,WEX
1018,NetApp,BBG000FP1N32,NTAP
1019,Korea Electric Power,BBG000BCWG90,KEP
1020,iRhythm Technologies,BBG001J19V24,IRTC
1021,InsperIty Inc,BBG000BJ41X2,NSP
1022,Healthpeak Properties REIT,BBG000BKYDP9,PEAK
1023,Kimco Realty REIT,BBG000CN3S73,KIM
1024,American Express,BBG000BCQZS4,AXP
1025,Blackbaud Inc,BBG000BGGTW5,BLKB
1026,Акрон,BBG004S688G4,AKRN
1027,Brunswick Corp DE,BBG000BCWSS3,BC
1028,ManTech International Corp VA,BBG000BGF8B5,MANT
1029,ЭсЭфАй,BBG003LYCMB1,SFIN
1030,Micron Technology,BBG000C5Z1S3,MU
1031,Harley-Davidson,BBG000BKZTP3,HOG
1032,Generac Holdings Inc,BBG000PQ4W72,GNRC
1033,Red Hat,BBG000BWXL85,RHT
1034,Sinclair Broadcast Group Inc,BBG000F2XXP2,SBGI
1035,Cracker Barrel Old Country Sto,BBG000BF33K1,CBRL
1036,Dr Pepper,BBG002K6ZHC0,DPS
1037,Korn Ferry,BBG000C5QMB5,KFY
1038,Arrowhead Pharmaceuticals Inc,BBG000BRVKH0,ARWR
1039,Public Storage REIT,BBG000BPPN67,PSA
1040,Haemonetics Corp,BBG000C7TF41,HAE
1041,РуссНефть,BBG00F9XX7H4,RNFT
1042,Дагестанская энергосбытовая компания,BBG000LWVHN8,DASB
1043,Allakos Inc,BBG003QBJKN0,ALLK
1044,MYR Group Inc,BBG000BC7VW9,MYRG
1045,НКХП,BBG00BGKYH17,NKHP
1046,Teledyne Technologies Inc,BBG000BMT9T6,TDY
1047,Eli Lilly & Co,BBG000BNBDC2,LLY
1048,Lincoln Electric Holdings,BBG000BB72K8,LECO
1049,Tech Data Corp,BBG000BV2BR2,TECD
1050,Globe Life Inc,BBG000BVD6X4,GL
1051,United Rentals,BBG000BXMFC3,URI
1052,NewMarket Corp,BBG000BJ5SS8,NEU
1053,Мостотрест,BBG004S68DD6,MSTT
1054,Progress Software Corp,BBG000C4QP94,PRGS
1055,Switch Inc,BBG00HPDM5Z2,SWCH
1056,II-VI Inc,BBG000BLW102,IIVI
1057,US Foods Holding Corp,BBG00C6H6D40,USFD
1058,Cleveland-Cliffs,BBG000BFRF55,CLF
1059,GreenSky Inc,BBG00KT2SCV8,GSKY
1060,Anika Therapeutics Inc,BBG000BBKZD8,ANIK
1061,Juniper Networks,BBG000BY33P5,JNPR
1062,S&P Global,BBG000BP1Q11,SPGI
1063,Marathon Petroleum,BBG001DCCGR8,MPC
1064,51job,BBG000BJD1D4,JOBS
1065,ГТМ,BBG00HY6V6H5,GTRK
1066,Jacobs Engineering,BBG000BMFFQ0,J
1067,Mallinckrodt PLC,BBG002BHBHM1,MNK
1068,Genuine Parts,BBG000BKL348,GPC
1069,SP Plus Corp,BBG000BJ91B1,SP
1070,Энел Россия,BBG000F6YP24,ENRU
1071,Kimberly-Clark,BBG000BMW2Z0,KMB
1072,Dr. Reddy's Laboratories,BBG000NJ96L6,RDY
1073,МКБ,BBG009GSYN76,CBOM
1074,Proto Labs Inc,BBG000BT13B3,PRLB
1075,GILEAD,BBG000CKGBP2,GILD
1076,Adobe,BBG000BB5006,ADBE
1077,Weyerhaeuser REIT,BBG000BX3BL3,WY
1078,Городские Инновационные Технологии,BBG00B8NN386,GRNT
1079,Acacia Communications Inc,BBG00359HX70,ACIA
1080,Polymetal,BBG004PYF2N3,POLY
1081,American Woodmark Corp,BBG000BBX657,AMWD
1082,Costco Wholesale,BBG000F6H8W8,COST
1083,ДВМП,BBG000QF1Q17,FESH
1084,GMS Inc,BBG009Q036D0,GMS
1085,ТГК-1,BBG000QFH687,TGKA
1086,Noble Energy,BBG000BPT0C6,NBL
1087,Hexcel Corp,BBG000BLMDQ9,HXL
1088,Taylor Morrison Home Corp,BBG003PGJHP5,TMHC
1089,Edgewell Personal Care Co,BBG000BRW644,EPC
1090,TopBuild Corp,BBG0077VS2C0,BLD
1091,PepsiCo,BBG000DH7JK6,PEP
1092,PRA Health Sciences Inc,BBG007387YL8,PRAH
1093,Henry Schein,BBG000BNMMJ3,HSIC
1094,Carnival,BBG000BF6LY3,CCL
1095,Alnylam Pharmaceuticals Inc,BBG000BFGNJ5,ALNY
1096,Accenture,BBG000D9D830,ACN
1097,Comcast,BBG000BFT2L4,CMCSA
1098,RealPage Inc,BBG000CN5CJ3,RP
1099,Seagate,BBG000F0KF42,STX
1100,Wyndham Destinations,BBG000PV2L86,WYND
1101,United Airlines Holdings,BBG000M65M61,UAL
1102,Texas Instruments,BBG000BVV7G1,TXN
1103,Zimmer Biomet Holdings,BBG000BKPL53,ZBH
1104,Tapestry,BBG000BY29C7,TPR
1105,RPM International Inc,BBG000DCNK80,RPM
1106,Ferrari N.V.,BBG009PH3Q86,RACE
1107,Пермэнергосбыт,BBG000MZL0Y6,PMSB
1108,Tiffany & Co,BBG000BV75B7,TIF
1109,Delek US Holdings Inc,BBG00FZYFVC5,DK
1110,Nu Skin Enterprises Inc,BBG000HG21Y3,NUS
1111,Universal Health Services,BBG000CB8Q50,UHS
1112,JELD-WEN Holding Inc,BBG0019GM953,JELD
1113,SINA Corp China,BBG000CJZ2W6,SINA
1114,ResMed Inc,BBG000L4M7F1,RMD
1115,BJ's Restaurants Inc,BBG000H9LNX1,BJRI
1116,Tata Motors,BBG000PVGDH9,TTM
1117,Carpenter Technology Corp,BBG000BGCQT9,CRS
1118,Allergan,BBG000FH8PX5,AGN
1119,OSI Systems Inc,BBG000BWPR54,OSIS
1120,Gap,BBG000BKLH74,GPS
1121,SailPoint Technologies Holdings,BBG00J0BBZL0,SAIL
1122,WestRock,BBG008NXC572,WRK
1123,Standex International Corp,BBG000BTT5B8,SXI
1124,Калужская сбытовая компания,BBG000DBD6F6,KLSB
1125,Exact Sciences Corp,BBG000CWL0F5,EXAS
1126,Praxair,BBG000CGQ6M4,PX
1127,Thermo Fisher Scientific,BBG000BVDLH9,TMO
1128,LGI Homes Inc,BBG0056655S1,LGIH
1129,Bandwidth Inc,BBG001K003W2,BAND
1130,Kansas City Southern,BBG000BMZ7P7,KSU
1131,Booz Allen Hamilton,BBG000R2YFG7,BAH
1132,ОВК,BBG008HD3V85,UWGN
1133,Cognizant Technology Solutions,BBG000BBDV81,CTSH
1134,Anheuser-Busch InBev,BBG000RYC984,BUD
1135,Monster Beverage,BBG008NVB1C0,MNST
1136,Dow Inc,BBG00BN96922,DOW
1137,Discovery Communications (A),BBG000CHWP52,DISCA
1138,Gentherm Inc,BBG000BQLM34,THRM
1139,Ollie's Bargain Outlet Holding,BBG0098VVDT9,OLLI
1140,Stanley Black & Decker,BBG000BTQR96,SWK
1141,Cambrex Corp,BBG000C0XBT3,CBM
1142,Magellan Health Inc,BBG000BD6DD9,MGLN
1143,TJX,BBG000BV8DN6,TJX
1144,Martin Marietta Materials,BBG000BGYMH7,MLM
1145,Loews,BBG000C45984,L
1146,National Vision Holdings Inc,BBG00HVQF9K2,EYE
1147,Сургутнефтегаз,BBG0047315D0,SNGS
1148,Prologis REIT,BBG000B9Z0J8,PLD
1149,MarketAxess Holdings Inc,BBG000BJBZ23,MKTX
1150,Universal Display Corp,BBG000BLRP41,OLED
1151,Eastman Chemical Company,BBG000BLW530,EMN
1152,Sleep Number Corp,BBG000DM2BF3,SNBR
1153,Hilton,BBG0058KMH30,HLT
1154,Kroger,BBG000BMY992,KR
1155,Татнефть - привилегированные акции,BBG004S68829,TATNP
1156,Walgreens Boots Alliance,BBG000BWLMJ4,WBA
1157,Public Service Enterprise Group,BBG000BQZMH4,PEG
1158,Stryker,BBG000DN7P92,SYK
1159,Molson Coors Brewing,BBG000BS7KS3,TAP
1160,Microchip Technology,BBG000BHCP19,MCHP
1161,Live Nation Entertainment Inc,BBG000FQ7YR4,LYV
1162,Rockwell Collins,BBG000BN1XR3,COL
1163,MongoDB Inc,BBG0022FDRY8,MDB
1164,MSG Networks Inc,BBG000NS03H7,MSGN
1165,VF,BBG000BWCKB6,VFC
1166,Clean Harbors Inc,BBG000BFRRX8,CLH
1167,Scotts Miracle-Gro Co The,BBG000BT5PG5,SMG
1168,SolarWinds Corp,BBG00M1CKSK7,SWI
1169,TEGNA,BBG000BK5DP1,TGNA
1170,PPG Industries,BBG000BRJ809,PPG
1171,Granite Construction Inc,BBG000DVB833,GVA
1172,Church & Dwight,BBG000BFJT36,CHD
1173,Sinopec Shanghai Petrochemical,BBG000BHR1H9,SHI
1174,Five9 Inc,BBG001KHJM17,FIVN
1175,Telephone & Data Systems Inc,BBG000BV0VK7,TDS
1176,Мосэнерго,BBG004S687W8,MSNG
1177,DexCom Inc,BBG000QTF8K1,DXCM
1178,Premier Inc,BBG000G7QX50,PINC
1179,Intuitive Surgical,BBG000BJPDZ1,ISRG
1180,Белон,BBG000VQWH86,BLNG
1181,Hello Group,BBG007HTCQT0,MOMO
1182,Pure Storage Inc,BBG00212PVZ5,PSTG
1183,ГДР En+ Group,BBG00J5LMW10,ENPL
1184,ChampionX Corporation,BBG00JH9TZ56,CHX
1185,МРСК Юга,BBG000C7P5M7,MRKY
1186,Hershey,BBG000BLHRS2,HSY
1187,Обувь России,BBG001BBGNS2,ORUP
1188,Western Digital,BBG000BWNFZ9,WDC
1189,Meta Platforms,BBG000MM2P62,FB
1190,Dick's Sporting Goods Inc,BBG000F6ZWH2,DKS
1191,Huaneng Power International,BBG000BX5YM0,HNP
1192,Johnson & Johnson,BBG000BMHYD1,JNJ
1193,Iron Mountain REIT,BBG000KCZPC3,IRM
1194,Бурятзолото,BBG002B24058,BRZL
1195,SL Green Realty,BBG000BVP5P2,SLG
1196,Apache,BBG000BC2C10,APAold
1197,China Life Insurance,BBG000BBK4B9,LFC
1198,GCP Applied Technologies Inc,BBG0082W8Q12,GCP
1199,Группа Черкизово,BBG000RTHVK7,GCHE
1200,Dentsply Sirona,BBG000BX57K1,XRAY
1201,Michael Kors Holdings,BBGHUYNYA002,KORS
1202,Allegion,BBG003PS7JV1,ALLE
1203,William Lyon Homes,BBG003QD77Y6,WLH
1204,Healthcare Services Group Inc,BBG000BKYVF0,HCSG
1205,Trane Technologies,BBG000BM6788,TT
1206,Aaron's Inc,BBG000D9V7T4,AANold
1207,Illumina,BBG000DSMS70,ILMN
1208,HollyFrontier,BBG000BL9JQ1,HFC
1209,МРСК Сибири,BBG000VJMH65,MRKS
1210,General Mills,BBG000BKCFC2,GIS
1211,Abbott,BBG000B9ZXB4,ABT
1212,US Bancorp,BBG000FFDM15,USB
1213,Expeditors,BBG000BJ5GK2,EXPD
1214,Masimo Corporation,BBG000C3W281,MASI
1215,Concho Resources,BBG000R7RDB4,CXO
1216,Illinois Tool Works,BBG000BMBL90,ITW
1217,Spirit Airlines Inc,BBG000BF6RQ9,SAVE
1218,Sanderson Farms Inc,BBG000BSHJ96,SAFM
1219,Andersons Inc,BBG000BF8CN3,ANDE
1220,Regions Financial,BBG000Q3JN03,RF
1221,Emergent BioSolutions Inc,BBG000GW06J7,EBS
1222,Smartsheet Inc,BBG00GQK3WB5,SMAR
1223,Cactus Inc,BBG00JRH1P95,WHD
1224,Grand Canyon Education Inc,BBG000FV28W9,LOPE
1225,Hormel Foods,BBG000BLF8D2,HRL
1226,Central Garden & Pet Co,BBG000BFD605,CENT
1227,Assurant,BBG000BZX1N5,AIZ
1228,Селигдар,BBG002458LF8,SELG
1229,Vail Resorts Inc,BBG000BCMWM1,MTN
1230,Apartment Investment & Management REIT,BBG000DD3510,AIV
1231,Procter & Gamble,BBG000BR2TH3,PG
1232,National Oilwell Varco,BBG000BJX8C8,NOV
1233,Aluminum Corp of China,BBG000CMRVH1,ACH
1234,Best Buy Co.,BBG000BCWCG1,BBY
1235,Qualcomm,BBG000CGC1X8,QCOM
1236,IPG Photonics Corporation,BBG000DCGRL8,IPGP
1237,Allscripts Healthcare Solution,BBG000BLDXH5,MDRX
1238,Energy Transfer Partners, L.P.,BBG000BZMWY7,ETP
1239,Vicor Corp,BBG000C3VHF1,VICR
1240,Waste Management,BBG000BWVSR1,WM
1241,Citigroup,BBG000FY4S11,C
1242,Anaplan Inc,BBG002DZS299,PLAN
1243,China Eastern Airlines,BBG000BCFNR4,CEA
1244,CBRE Group,BBG000C04224,CBRE
1245,Garrett Motion Inc,BBG00HY28P97,GTX
1246,Natus Medical Inc,BBG000DPZHS3,NTUS
1247,Quotient Technology Inc,BBG001QYNR63,QUOT
1248,Legacy Housing Corp,BBG00MJDR6J9,LEGH
1249,Domtar Corp,BBG000BHFHP8,UFS
1250,TechnipFMC,BBG00DL8NMV2,FTI
1251,First Solar,BBG000BFL116,FSLR
1252,ГДР Лента,BBG000QQPXZ5,LNTA
1253,Owens-Illinois,BBG000CNWNL6,OI
1254,ICICI Bank,BBG000DRM643,IBN
1255,2U Inc,BBG001KS9450,TWOU
1256,CarMax,BBG000BLMZK6,KMX
1257,Owens Corning,BBG000M44VW8,OC
1258,Itron Inc,BBG000BD2167,ITRI
1259,Wolverine World Wide Inc,BBG000BX2YN2,WWW
1260,РКК Энергия им.С.П.Королева,BBG000LWNRP3,RKKE
1261,Equitrans Midstream Corporation,BBG00K53L394,ETRN
1262,AutoNation,BBG000BBXLW4,AN
1263,ИНГРАД,BBG000RJXRQ4,OPIN
1264,Helmerich & Payne,BBG000BLCPY4,HP
1265,Garmin,BBG000C4LN67,GRMN
1266,NortonLifeLock Inc,BBG000BH2JM1,NLOK
1267,Tractor Supply,BBG000BLXZN1,TSCO
1268,Forrester Research Inc,BBG000HGNYG8,FORR
1269,Arrow Electronics Inc,BBG000BCD3D5,ARW
1270,Fortinet Inc,BBG000BCMBG4,FTNT
1271,IAC InterActiveCorp,BBG000BKQG80,IAC__old
1272,АЛРОСА,BBG004S68B31,ALRS
1273,ConocoPhillips,BBG000BQQH30,COP
1274,Cognex Corp,BBG000BPBVW5,CGNX
1275,Fortune Brands Home & Security,BBG001B4BV87,FBHS
1276,AMD,BBG000BBQCY0,AMD
1277,UniFirst Corp MA,BBG000BW29L1,UNF
1278,Big Lots Inc,BBG000J0D904,BIG
1279,NRG Energy,BBG000D8RG11,NRG
1280,Мечел,BBG004S68598,MTLR
1281,VeriSign,BBG000BGKHZ3,VRSN
1282,PerkinElmer,BBG000FXW512,PKI
1283,Axsome Therapeutics Inc,BBG00B6G7GL7,AXSM
1284,News Corp (A),BBG0035LY913,NWSA
1285,Jefferies Financial Group,BBG000BNHSP9,JEF
1286,Motorola Solutions,BBG000BP8Z50,MSI
1287,Wolfspeed,BBG000BG14P4,WOLF
1288,Equinix REIT,BBG000MBDGM6,EQIX
1289,Quanta Services,BBG000BBL8V7,PWR
1290,Match Group Inc,BBG00B6WH9G3,MTCH
1291,Детский Мир,BBG000BN56Q9,DSKY
1292,Macerich REIT,BBG000BL9C59,MAC
1293,Marsh & McLennan,BBG000BP4MH0,MMC
1294,Ашинский метзавод,BBG000RJWGC4,AMEZ
1295,Devon Energy,BBG000BBVJZ8,DVN
1296,Cypress Semiconductor Corp,BBG000BXNJ07,CY
1297,Квадра,BBG000F6H7K3,TGKD
1298,Cardinal Health,BBG000D898T9,CAH
1299,Surmodics Inc,BBG000BZ2QG2,SRDX
1300,FRP Holdings Inc,BBG000HCVWW4,FRPH
1301,Dover,BBG000BHB3M6,DOV
1302,Newell Brands,BBG000BQC9V2,NWL
1303,L3 Technologies,BBG000BMDZF0,LLL
1304,EQT Corporation,BBG000BHZ5J9,EQT
1305,Кузбасская топливная компания,BBG000QW1WH0,KBTK
1306,3M Company,BBG000BP52R2,MMM
1307,Everest Re Group,BBG000C1XVK6,RE
1308,QAD Inc,BBG001BP77C3,QADA
1309,Advance Auto Parts,BBG000F7RCJ1,AAP
1310,Sealed Air,BBG000C22QV7,SEE
1311,Installed Building Products,BBG005TJKDZ6,IBP
1312,Alphabet Class A,BBG009S39JX6,GOOGL
1313,Colgate-Palmolive,BBG000BFQYY3,CL
1314,General Dynamics,BBG000BK67C7,GD
1315,НОВАТЭК,BBG00475KKY8,NVTK
1316,Red Robin Gourmet Burgers Inc,BBG000MXH9C1,RRGB
1317,Philip Morris,BBG000J2XL74,PM
1318,Republic Services,BBG000BPXVJ6,RSG
1319,Carter's Inc,BBG000CTM4J9,CRI
1320,IQVIA Holdings Inc,BBG00333FYS2,IQV
1321,American Airlines Group,BBG005P7Q881,AAL
1322,Mobile Mini Inc,BBG000BGTX98,MINI
1323,Principal Financial Group,BBG000NSCNT7,PFG
1324,PetIQ Inc,BBG00H1CY328,PETQ
1325,Markel Corp,BBG000FC7366,MKL
1326,Melco Resorts & Entertainment,BBG000BHP8J4,MLCO
1327,ЧТПЗ,BBG000Q49F45,CHEP
1328,COCA-COLA,BBG000BMX289,KO
1329,МРСК Волги,BBG000PKWCQ7,MRKV
1330,Bath & Body Works,BBG000BNGTQ7,BBWI
1331,Adtalem Global Education Inc,BBG000DQBZJ7,ATGE
1332,Brown-Forman,BBG000BD2NY8,BF.B
1333,AdvanSix Inc,BBG00CWTTQ41,ASIX
1334,Trimble Inc,BBG000BNPS52,TRMB
1335,HP,BBG000KHWT55,HPQ
1336,Benefytt Technologies,BBG003QRSQD3,BFYT
1337,Williams-Sonoma Inc,BBG000FSMWC3,WSM
1338,TripAdvisor,BBG001M8HHB7,TRIP
1339,Envision Healthcare Corporation,BBG00D3CHRC0,EVHC
1340,ПРОТЕК,BBG000TZGXK8,PRTK
1341,Beacon Roofing Supply Inc,BBG000BKTXF2,BECN
1342,Southwest Airlines,BBG000BNJHS8,LUV
1343,BioTelemetry Inc,BBG000R3RKT8,BEAT
1344,HubSpot Inc,BBG000N7MZ06,HUBS
1345,State Street,BBG000BKFBD7,STT
1346,Kraft Heinz,BBG005CPNTQ2,KHC
1347,Avalara Inc,BBG000R4Y9C1,AVLR
1348,Inter Parfums Inc,BBG000GCSWR5,IPAR
1349,Pluralsight Inc,BBG00KMYC574,PS
1350,DocuSign Inc,BBG000N7KJX8,DOCU
1351,Chipotle Mexican Grill,BBG000QX74T1,CMG
1352,Sarepta Therapeutics Inc,BBG000BCJ161,SRPT
1353,Rayonier REIT,BBG000BG7L34,RYN
1354,Silicon Laboratories Inc,BBG000BB99S3,SLAB
1355,ModivCare Inc.,BBG000P1B7C8,MODV
1356,Lockheed Martin,BBG000C1BW00,LMT
1357,General Motors,BBG000NDYB67,GM
1358,Emerson Electric,BBG000BHX7N2,EMR
1359,Honeywell,BBG000H556T9,HON
1360,ЧелябЭС ао,BBG000HD4S15,CLSB
1361,Bed Bath & Beyond,BBG000CSY9H9,BBBY
1362,Shire,BBG000CCW058,SHPG
1363,Watsco Inc,BBG000DJN7L9,WSO
1364,HD Supply Holdings Inc,BBG0033377Y3,HDS
1365,Stericycle,BBG000H3FZM6,SRCL
1366,WESCO International Inc,BBG000D0FNV3,WCC
1367,Extra Space Storage REIT,BBG000PV27K3,EXR
1368,Tenable Holdings Inc,BBG00LBLCD02,TENB
1369,Phillips 66,BBG00286S4N9,PSX
1370,TotalEnergies SE,BBG000CHZ857,TTE
1371,Welltower REIT,BBG000BKY1G5,WELL
1372,AMN Healthcare Services Inc,BBG000BCT197,AMN
1373,Shutterstock Inc,BBG002ZCK2V9,SSTK
1374,Twenty-First Century Fox (A),BBG00JHNJW99,FOXA
1375,Frontier Communications,BBG000FH5YM1,FTR
1376,Incyte,BBG000BNPSQ9,INCY
1377,LendingTree Inc,BBG000TVRB50,TREE
1378,Johnson Controls,BBG000BVWLJ6,JCI
1379,Genesco Inc,BBG000BK5S78,GCO
1380,Celanese Corp,BBG000JYP7L8,CE
1381,Atkore International Group Inc,BBG000QTFDQ4,ATKR
1382,Сбер Банк - привилегированные акции,BBG0047315Y7,SBERP
1383,Newmont Goldcorp Corporation,BBG000BPWXK1,NEM
1384,Planet FItness Inc,BBG009H04M17,PLNT
1385,Cigna,BBG00KXRCDP0,CI
1386,Charter Communications,BBG000VPGNR2,CHTR
1387,RBC Bearings Inc,BBG000GMGNB3,ROLL
1388,Qualys Inc,BBG000HT5G06,QLYS
1389,Huron Consulting Group Inc,BBG000PV2M48,HURN
1390,Workday Inc,BBG000VC0T95,WDAY
1391,Ball Corporation,BBG000BDDNH5,BLL
1392,TransUnion,BBG002Q7J5Z1,TRU
1393,Shockwave Medical Inc,BBG005XVXML5,SWAV
1394,Lear Corp,BBG000PTLGZ1,LEA
1395,Comerica Incorporated,BBG000C75N77,CMA
1396,Cummins,BBG000BGPTV6,CMI
1397,Plexus Corp,BBG000BRBX66,PLXS
1398,Astronics Corp,BBG000BCLBY5,ATRO
1399,Intercontinental Exchange,BBG000C1FB75,ICE
1400,Baozun Inc,BBG008HNS333,BZUN
1401,Vishay Precision Group Inc,BBG000PRQ0V9,VPG
1402,Nektar Therapeutics,BBG000BHCYJ1,NKTR
1403,Lululemon Athletica Inc,BBG000R8ZVD1,LULU
1404,Zebra Technologies Corp,BBG000CC7LQ7,ZBRA
1405,Cargurus Inc,BBG00HQ77DS2,CARG
1406,Genesee & Wyoming Inc,BBG000GMDMK8,GWR
1407,Coty,BBG000F395V1,COTY
1408,Mosaic,BBG000BFXHL6,MOS
1409,American Tower REIT,BBG000B9XYV2,AMT
1410,ТГК-2 - акции привилегированные,BBG000Q7GJ60,TGKBP
1411,WABCO Holdings Inc,BBG000BB6MM3,WBC
1412,Kinder Morgan,BBG0019JZ882,KMI
1413,Nucor,BBG000BQ8KV2,NUE
1414,AGCO Corp,BBG000DCCZW2,AGCO
1415,Marathon Oil,BBG000C8H633,MRO
1416,Tri Pointe Homes, Inc.,BBG0016YQTR5,TPH
1417,Skyworks Solutions,BBG000KLB4Q1,SWKS
1418,Avery Dennison,BBG000BCQ4P6,AVY
1419,Наука-Связь,BBG002BCQK67,NSVZ
1420,Varian Medical Systems,BBG000BWBZN1,VAR
1421,Галс-Девелопмент,BBG000GVC474,HALS
1422,Movado Group Inc,BBG000BL30Y9,MOV
1423,General Electric Company,BBG000BK6MB5,GE
1424,Genomic Health Inc,BBG000BMCC26,GHDX
1425,SEI Investments Company,BBG000BSQLT9,SEIC
1426,LHC Group Inc,BBG000G7W420,LHCG
1427,America's Car-Mart Inc TX,BBG000CM6L31,CRMT
1428,National Beverage Corp,BBG000BF8CB6,FIZZ
1429,NVR Inc,BBG000BQBYR3,NVR
1430,ДЭК,BBG000V07CB8,DVEC
1431,Ingevity Corp,BBG009LM28K6,NGVT
1432,Fiserv,BBG000BJKPG0,FISV
1433,Cirrus Logic Inc,BBG000C1DHF5,CRUS
1434,Alcoa Corporation,BBG00B3T3HD3,AA
1435,Broadcom,BBG00KHY5S69,AVGO
1436,Lennox International Inc,BBG000BB5B84,LII
1437,Intel Corporation,BBG000C0G1D1,INTC
1438,Fastenal Company,BBG000BJ8YN7,FAST
1439,Discovery Communications (B),BBG000F7L5N7,DISCB
1440,Русгрэйн,BBG0014PFYM2,RUGR
1441,Нижнекамскнефтехим - акции привилегированные,BBG000GQSVC2,NKNCP
1442,Qorvo,BBG007TJF1N7,QRVO
1443,Газпром нефть,BBG004S684M6,SIBN
1444,Avanos Medical Inc,BBG005L86G05,AVNS
1445,Copart Inc,BBG000BM9RH1,CPRT
1446,Snap-on,BBG000BT7JW9,SNA
1447,Hain Celestial Group Inc,BBG000BQW085,HAIN
1448,Evolent Health Inc,BBG005CHLM96,EVH
1449,FactSet Research Systems Inc,BBG000BDJL83,FDS
1450,Packaging Corp of America,BBG000BB8SW7,PKG
1451,Texas Capital Bancshares Inc,BBG000DN4ZT1,TCBI
1452,Brink's Co,BBG000DR5QP5,BCO
1453,Pegasystems Inc,BBG000H1RYG7,PEGA
1454,NETGEAR Inc,BBG000C4GBR6,NTGR
1455,MerIt Medical Systems Inc,BBG000C42VX0,MMSI
1456,IHS Markit,BBG006G063F9,INFO
1457,Ameren,BBG000B9X8C0,AEE
1458,Lennar,BBG000BN5HF7,LEN
1459,Insight Enterprises Inc,BBG000DY3K39,NSIT
1460,Fortive,BBG00BLVZ228,FTV
1461,China Telecom,BBG000PCNQN7,CHA
1462,Cal-Maine Foods Inc,BBG000CDMJW6,CALM
1463,Meritage Homes Corp,BBG000F4F1N0,MTH
1464,Anixter International Inc,BBG000DPW6P3,AXE
1465,Papa John's International Inc,BBG000BFWF13,PZZA
1466,Textron,BBG000BVVQQ8,TXT
1467,Roper Technologies,BBG000F1ZSN5,ROP
1468,Raymond James Financial,BBG000BS73J1,RJF
1469,Российские сети - акции привилегированные,BBG000KTF667,RSTIP
1470,Mattel,BBG000BNNYW1,MAT
1471,Truist Financial Corporation,BBG000BYYLS8,TFC
1472,Netflix,BBG000CL9VN6,NFLX
1473,Ленэнерго - акции привилегированные,BBG000NLCCM3,LSNGP
1474,Becton, Dickinson and Company,BBG000BCZYD3,BDX
1475,Allison Transmission Holdings,BBG001KY3845,ALSN
1476,Baker Hughes,BBG00GBVBK51,BKR
1477,CommVault Systems Inc,BBG000BG88X9,CVLT
1478,Performance Food Group Co,BBG009XW2WB8,PFGC
1479,XPO Logistics Inc,BBG000L5CJF3,XPO
1480,Medtronic,BBG000BNWG87,MDT
1481,TAL Education Group,BBG0016XJ8S0,TAL
1482,The Charles Schwab Corporation,BBG000BSLZY7,SCHW
1483,Occidental Petroleum,BBG000BQQ2S6,OXY
1484,Saia Inc,BBG000P5LMQ0,SAIA
1485,Greenbrier Cos Inc,BBG000CF5097,GBX
1486,Bruker Corp,BBG000CL1FG7,BRKR
1487,Central Garden & Pet Co,BBG000KTYB56,CENTA
1488,Vale SA,BBG000BN5LG7,VALE
1489,Marriott International,BBG000BGD7W6,MAR
1490,Tyson Foods,BBG000DKCC19,TSN
1491,E*TRADE Financial Corporation,BBG000N746D6,ETFC
1492,NextEra Energy,BBG000BJSBJ0,NEE
1493,Range Resources,BBG000FVXD63,RRC
1494,Магнитогорский металлургический комбинат,BBG004S68507,MAGN
1495,RingCentral Inc,BBG000J094P3,RNG
1496,Kaiser Aluminum Corp,BBG000PKZDX4,KALU
1497,PBF Energy Inc,BBG002832GV8,PBF
1498,PTC Inc,BBG000C2VBB0,PTC
1499,Zendesk Inc,BBG001HRFJG4,ZEN
1500,Expedia,BBG000QY3XZ2,EXPE
1501,Северсталь,BBG00475K6C3,CHMF
1502,Nutanix Inc,BBG001NDW1Z7,NTNX
1503,Host Hotels & Resorts REIT,BBG000BL8804,HST
1504,LogMeIn Inc,BBG000Q0SZJ2,LOGM
1505,Booking,BBG000BLBVN4,BKNG
1506,Patterson,BBG000BQY289,PDCO
1507,Citizens Financial Group,BBG006Q0HY77,CFG
1508,Affiliated Managers Group,BBG000C060M4,AMG
1509,Sohu.com,BBG00L2DB535,SOHU
1510,Huntington Ingalls Industries Inc,BBG001KJ2HM9,HII
1511,Varex Imaging Corp,BBG00CZNLR47,VREX
1512,Sensient Technologies Corp,BBG000J79P80,SXT
1513,Vulcan Materials,BBG000BWGYF8,VMC
1514,Black Knight Inc,BBG00GX77LW3,BKI
1515,Asbury Automotive Group Inc,BBG000BKDWB5,ABG
1516,Ultragenyx Pharmaceutical Inc,BBG001RWPDW6,RARE
1517,Аптечная сеть 36,6,BBG000K3STR7,APTK
1518,The Williams Companies,BBG000BWVCP8,WMB
1519,Chesapeake Energy Corporation,BBG000BL4504,CHK
1520,НМТП,BBG004S68BR5,NMTP
1521,Boston Scientific Corporation,BBG000C0LW92,BSX
1522,Распадская,BBG004S68696,RASP
1523,Darden Restaurants,BBG000BBNYF6,DRI
1524,Okta Inc,BBG001YV1SM4,OKTA
1525,Lumentum Holdings Inc,BBG0073F9RT7,LITE
1526,Cincinnati Financial Corporation,BBG000BFPK65,CINF
1527,Badger Meter Inc,BBG000BDGHD9,BMI
1528,Under Armour,BBG000BXM6V2,UAA
1529,Acuity Brands,BBG000BJ5HK0,AYI
1530,Сургутнефтегаз - привилегированные акции,BBG004S681M2,SNGSP
1531,Wayfair Inc,BBG001B17MV2,W
1532,Armstrong World Industries Inc,BBG000DW4LB1,AWI
1533,Altria Group,BBG000BP6LJ8,MO
1534,Chubb,BBG000BR14K5,CB
1535,Fidelity National Information,BBG000BK2F42,FIS
1536,Sysco,BBG000BTVJ25,SYY
1537,Dollar General,BBG000NV1KK7,DG
1538,Baxter International,BBG000BCVJ77,BAX
1539,Cinemark Holdings Inc,BBG000QDVR53,CNK
1540,CSW Industrials Inc,BBG007NLG4L3,CSWI
1541,Ross Stores,BBG000BSBZH7,ROST
1542,Sherwin-Williams,BBG000BSXQV7,SHW
1543,Rhythm Pharmaceuticals Inc,BBG007DLZ601,RYTM
1544,Apple,BBG000B9XRY4,AAPL
1545,Southwestern Energy,BBG000BTR593,SWN
1546,American Public Education Inc,BBG000RVD346,APEI
1547,Mirati Therapeutics Inc,BBG004TPGBP5,MRTX
1548,Саратовский НПЗ - акции привилегированные,BBG002B2J5X0,KRKNP
1549,BlackRock,BBG000C2PW58,BLK
1550,Банк Возрождение - акции привилегированные,BBG000NLHR27,VZRZP
1551,AnaptysBio Inc,BBG0026ZDHR0,ANAB
1552,Walt Disney,BBG000BH4R78,DIS
1553,Applied Materials,BBG000BBPFB9,AMAT
1554,Русполимет,BBG000R466J1,RUSP
1555,Sage Therapeutics Inc,BBG0025X16Y5,SAGE
1556,Группа ЛСР,BBG004S68C39,LSRG
1557,Bank of America Corp,BBG000BCTLF6,BAC
1558,Constellation Brands,BBG000J1QLT0,STZ
1559,The Home Depot,BBG000BKZB36,HD
1560,Уралкалий,BBG00475JVM9,URKA
1561,Xerox,BBG00NNG2ZJ8,XRX
1562,Avedro Inc,BBG001J1CH21,AVDR
1563,Dominion Energy Inc,BBG000BGVW60,D
1564,Patrick Industries Inc,BBG000BQSBB2,PATK
1565,Красный Октябрь,BBG000NLB2G3,KROT
1566,LyondellBasell,BBG000WCFV84,LYB
1567,SPS Commerce Inc,BBG000PZGB75,SPSC
1568,Alexion Pharmaceuticals,BBG000G30YX4,ALXN
1569,Eagle Materials Inc,BBG000BJW241,EXP
1570,The Allstate Corporation,BBG000BVMGF2,ALL
1571,Veeva Systems Inc,BBG001CGB489,VEEV
1572,Guidewire Software Inc,BBG001C7PM75,GWRE
1573,The Estee Lauder Companies,BBG000FKJRC5,EL
1574,Ensign Group Inc,BBG000K1T9L0,ENSG
1575,MSCI Inc,BBG000RTDY25,MSCI
1576,МТС,BBG004S681W1,MTSS
1577,WW Grainger,BBG000BKR1D6,GWW
1578,SK Telecom Co.,BBG000BLN497,SKM
1579,Euronet Worldwide Inc,BBG000BMNBY1,EEFT
1580,Газпром,BBG004730RP0,GAZP
1581,Pitney Bowes,BBG000BQTMJ9,PBI
1582,AeroVironment Inc,BBG000GX14P2,AVAV
1583,Nordson Corp,BBG000BPWGR1,NDSN
1584,Alliance Data Systems,BBG000BFNR17,ADS
1585,Southern,BBG000BT9DW0,SO
1586,KeyCorp,BBG000BMQPL1,KEY
1587,Albemarle,BBG000BJ26K7,ALB
1588,Medpace Holdings Inc,BBG0065B7K59,MEDP
1589,Mettler Toledo,BBG000BZCKH3,MTD
1590,Autodesk,BBG000BM7HL0,ADSK
1591,JPMorgan,BBG000DMBXR2,JPM
1592,Amphenol,BBG000B9YJ35,APH
1593,Edison International,BBG000D7RKJ5,EIX
1594,Danaher,BBG000BH3JF8,DHR
1595,Parker-Hannifin,BBG000BR3KL6,PH
1596,Tandem Diabetes Care Inc,BBG0019V9M65,TNDM
1597,Quest Diagnostics,BBG000BN84F3,DGX
1598,Essex Property REIT,BBG000CGJMB9,ESS
1599,Coterra Energy Inc.,BBG000C3GN47,CTRA
1600,Urban Outfitters,BBG000BL79J3,URBN
1601,Wingstop Inc,BBG008N298Y8,WING
1602,CA,BBG000BDWKC5,CA
1603,Biogen,BBG000C17X76,BIIB
1604,Hasbro,BBG000BKVJK4,HAS
1605,ФСК ЕЭС,BBG00475JZZ6,FEES
1606,Analog Devices,BBG000BB6G37,ADI
1607,Turtle Beach Corp,BBG000BM6N47,HEAR
1608,VEON,BBG000QCW561,VEON
1609,Zoetis,BBG0039320N9,ZTS
1610,ЧМК,BBG000RP8V70,CHMK
1611,TE Connectivity,BBG000RGM5P1,TEL
1612,Synchrony Financial,BBG00658F3P3,SYF
1613,AvalonBay Communities REIT,BBG000BLPBL5,AVB
1614,Zscaler Inc,BBG003338H34,ZS
1615,Onto Innovation Inc,BBG000BPRN29,ONTO
1616,Ameriprise Financial,BBG000G3QLY3,AMP
1617,Monarch Casino & Resort Inc,BBG000BJ0932,MCRI
1618,Aflac Incorporated,BBG000BBBNC6,AFL
1619,Resideo Technologies Inc,BBG00HY28K89,REZI
1620,Alibaba,BBG006G2JVL2,BABA
1621,International Flavors & Fragrances,BBG000BLSL58,IFF
1622,Транснефть - привилегированные акции,BBG00475KHX6,TRNFP
1623,Hanesbrands,BBG000D2ZTS8,HBI
1624,Vertex Pharmaceuticals,BBG000C1S2X2,VRTX
1625,Royal Caribbean Cruises,BBG000BB5792,RCL
1626,Nielsen Holdings plc,BBG0088CYPX8,NLSN
1627,Greif Inc,BBG000BLFNC0,GEF
1628,Sturm Ruger & Co Inc,BBG000C4FQG6,RGR
1629,Leggett & Platt,BBG000BN53G7,LEG
1630,DXC Technology,BBG00FN64XT9,DXC
1631,Etsy Inc,BBG000N7MXL8,ETSY
1632,Xcel Energy,BBG000BCTQ65,XEL
1633,Kirby Corp,BBG000BMQCP6,KEX
1634,FTI Consulting Inc,BBG000K88H58,FCN
1635,Goodyear Tire & Rubber,BBG000BKNX95,GT
1636,Myriad Genetics Inc,BBG000D9H9F1,MYGN
1637,Thor Industries Inc,BBG000BV6R84,THO
1638,ExlService Holdings Inc,BBG000NS3P30,EXLS
1639,Zuora Inc,BBG000BT3HG5,ZUO
1640,Tyler Technologies Inc,BBG000BVWZF9,TYL
1641,Hilton Grand Vacations Inc,BBG00CBYY6M1,HGV
1642,Ingredion Inc,BBG000BXPZB7,INGR
1643,Medidata Solutions Inc,BBG000VCQPM0,MDSO
1644,United Therapeutics Corp,BBG000BV4XJ1,UTHR
1645,Bank of New York Mellon,BBG000BD8PN9,BK
1646,Energy Transfer LP,BBG000BM2FL9,ET
1647,Orthofix Medical Inc,BBG000G1C210,OFIX
1648,Ziff Davis,BBG000F3CWW7,ZD
1649,Moody's,BBG000F86GP6,MCO
1650,Skechers U.S.A. Inc,BBG000C4HKK2,SKX
1651,Air Products & Chemicals,BBG000BC4JJ4,APD
1652,Hawaiian Holdings Inc,BBG000BC4185,HA
1653,Anthem,BBG000BCG930,ANTM
1654,Ionis Pharmaceuticals Inc,BBG000JH6683,IONS
1655,ТГК-14,BBG000RG4ZQ4,TGKN
1656,FLIR Systems,BBG000BHK836,FLIR
1657,Northrop Grumman,BBG000BQ2C28,NOC
1658,Нижнекамскнефтехим,BBG000GQSRR5,NKNC
1659,Sanofi,BBG000BBD5N1,SNY
1660,Kontoor Brands Inc,BBG00LPTHYD5,KTB
1661,WR Grace & Co,BBG000BB8PG1,GRA
1662,Иркутскэнерго,BBG000NL6ZD9,IRGZ
1663,Encana Corporation,BBG000BB4LK9,ECA
1664,Роснефть,BBG004731354,ROSN
1665,Объединенная авиастроительная корпорация,BBG000Q7ZZY2,UNAC
1666,Anadarko,BBG000BC40Y8,APC
1667,Abiomed Inc,BBG000C101X4,ABMD
1668,Teradata,BBG000R0L5J4,TDC
1669,Fox Factory Holding Corp,BBG004T7VS53,FOXF
1670,Банк ВТБ,BBG004730ZJ9,VTBR
1671,D.R. Horton,BBG000DQTXY6,DHI
1672,Twitter,BBG000H6HNW3,TWTR
1673,Microsoft Corporation,BBG000BPH459,MSFT
1674,Envestnet Inc,BBG000Q4NZ54,ENV
1675,Altaba,BBG000GFFQN9,AABA
1676,Akamai Technologies,BBG000BJQWD2,AKAM
1677,Graham Holdings Co,BBG000C3FGH9,GHC
1678,Stitch Fix,BBG0046L1KL9,SFIX
1679,Delta Air Lines,BBG000R7Z112,DAL
1680,Ashland Global Holdings Inc,BBG00D0Y81M1,ASH
1681,ViacomCBS Inc.,BBG000C496P7,VIAC
1682,AutoZone,BBG000C7LMS8,AZO
1683,Manchester United Plc,BBG0035WV4N9,MANU
1684,Campbell Soup,BBG000BG4202,CPB
1685,Deckers Outdoor Corp,BBG000BKXYX5,DECK
1686,Northern Trust,BBG000BQ74K1,NTRS
1687,Chemed Corp,BBG000C19QW1,CHE
1688,Altice USA Inc,BBG00GFMPRK0,ATUS
1689,Eversource Energy,BBG000BQ87N0,ES
1690,Global Blood Therapeutics Inc,BBG00341H6M0,GBT
1691,Immunomedics Inc,BBG000BLXT19,IMMU
1692,Simpson Manufacturing Co Inc,BBG000JLC8L8,SSD
1693,СОЛЛЕРС,BBG004S68JR8,SVAV
1694,ТНС энерго Воронеж,BBG000BX7DH0,VRSB
1695,CenterPoint Energy,BBG000FDBX90,CNP
1696,НЛМК,BBG004S681B4,NLMK
1697,ЧЗПСН,BBG003BNWBP3,PRFN
1698,Alliant Energy,BBG000DW4Q75,LNT
1699,Burlington Stores Inc,BBG004S641N5,BURL
1700,Fluor,BBG000BB1TH9,FLR
1701,Polaris Industries Inc,BBG000D5S4M0,PII
1702,ФосАгро,BBG004S689R0,PHOR
1703,Prestige Consumer Healthcare I,BBG000QM0RZ4,PBH
1704,TriNet Group Inc,BBG000BR2040,TNET
1705,Amazon.com,BBG000BVPV84,AMZN
1706,Vipshop,BBG002NLDLV8,VIPS
1707,NetEase Inc,BBG000BX72V8,NTES
1708,ICU Medical Inc,BBG000CQV2N4,ICUI
1709,Watts Water Technologies Inc,BBG000C4Z6C2,WTS
1710,Hyatt Hotels Corp,BBG000CVRFS4,H
1711,ПИК,BBG004S68BH6,PIKK
1712,Middleby Corp The,BBG000DQN9R3,MIDD
1713,Raven Industries Inc,BBG000CXQTZ3,RAVN
1714,АФК Система,BBG004S68614,AFKS
1715,Yandex,BBG006L8G4H1,YNDX
1716,LiveRamp Holdings Inc,BBG000BB4HM6,RAMP
1717,Covetrus Inc,BBG00KR691K8,CVET
1718,Palo Alto Networks,BBG0014GJCT9,PANW
1719,Realty Income REIT,BBG000DHPN63,O
1720,Русолово,BBG004Z2RGW8,ROLO
1721,Ростелеком - Привилегированные акции,BBG004S685M3,RTKMP
1722,Edwards Lifesciences,BBG000BRXP69,EW
1723,Sprouts Farmers Market Inc,BBG001KFKQM7,SFM
1724,Manhattan Associates Inc,BBG000BFV758,MANH
1725,Simon Property Group REIT,BBG000BJ2D31,SPG
1726,Transocean,BBG000BH5LT6,RIG
1727,Invesco,BBG000BY2Y78,IVZ
1728,Bristol-Myers Squibb,BBG000DQLV23,BMY
1729,CMS Energy Corporation,BBG000BFVXX0,CMS
1730,Inogen Inc,BBG0021PH456,INGN
1731,Coupa Software Inc,BBG001J4BCN4,COUP
1732,Valero Energy Corporation,BBG000BBGGQ1,VLO
1733,Atrion Corp,BBG000DTT624,ATRI
1734,TCS Group (Tinkoff Bank holder),BBG005DXJS36,TCS
1735,Ralph Lauren,BBG000BS0ZF1,RL
1736,Huazhu Group,BBG000QFPM65,HTHT
1737,РусГидро,BBG00475K2X9,HYDR
1738,International Paper,BBG000BM5SR2,IP
1739,SYNNEX Corp,BBG000CL9JV4,SNX
1740,FARO Technologies Inc,BBG000BJD7C2,FARO
1741,Ленэнерго,BBG000NLC9Z6,LSNG
1742,Floor & Decor Holdings Inc,BBG007GJ2F81,FND
1743,КоршГОК ао,BBG000R41LN8,KOGK
1744,O'Reilly Automotive,BBG000BGYWY6,ORLY
1745,Quantenna Communications Inc,BBG000N7QWR0,QTNA
1746,PetroChina,BBG000BR85F1,PTR
1747,PACCAR,BBG000BQVTF5,PCAR
1748,DaVita HealthCare Partners,BBG000MQ1SN9,DVA
1749,Pagerduty Inc,BBG0043BYPB8,PD
1750,MSC Industrial Direct Co Inc,BBG000BCLYL9,MSM
1751,Cadence Design Systems,BBG000C13CD9,CDNS
1752,ПАО «КАЗАНЬОРГСИНТЕЗ» - акции привилегированные,BBG0029SG1C1,KZOSP
1753,АЛРОСА-Нюрба,BBG002B25NL9,ALNU
1754,T Rowe Price Group,BBG000BVMPN3,TROW
1755,Ecolab,BBG000BHKYH4,ECL
1756,People's United Financial,BBG000BQT4L6,PBCT
1757,Сбер Банк,BBG004730N88,SBER
1758,New Relic Inc,BBG001NFKJ68,NEWR
1759,Steel Dynamics Inc,BBG000HGYNZ9,STLD
1760,CoStar Group Inc,BBG000D7JKW9,CSGP
1761,Boston Properties REIT,BBG000BS5CM9,BXP
1762,Schlumberger,BBG000BT41Q8,SLB
1763,Target,BBG000H8TVT2,TGT
1764,Ulta Beauty,BBG00FWQ4VD6,ULTA
1765,Мечел - Привилегированные акции,BBG004S68FR6,MTLRP
1766,Salesforce,BBG000BN2DC2,CRM
1767,Nordstrom,BBG000G8N9C6,JWN
1768,eBay,BBG000C43RR5,EBAY
1769,Alaska Air Group,BBG000BBL0Y1,ALK
1770,Knight-Swift Transportation,BBG000BFC848,KNX
1771,Archer-Daniels-Midland Company,BBG000BB6WG8,ADM
1772,Dolby Laboratories Inc,BBG000DGLTG5,DLB
1773,PulteGroup,BBG000BR54L0,PHM
1774,Mohawk Industries,BBG000FLZN98,MHK
1775,Cimarex Energy,BBG000D6L294,XEC
1776,United States Cellular Corp,BBG000BW6P59,USM
1777,Gartner,BBG000BB65D0,IT
1778,EPAM Systems,BBG000MHTV89,EPAM
1779,The Clorox Company,BBG000BFS7D3,CLX
1780,Hub Group Inc,BBG000G9W6L0,HUBG
1781,PVH,BBG000BRRG02,PVH
1782,Broadridge Financial Solutions,BBG000PPFKQ7,BR
1783,Arista Networks Inc,BBG000N2HDY5,ANET
1784,JOYY Inc,BBG003H0XV18,YY
1785,SS&C Technologies Holdings Inc,BBG000RJ2J04,SSNC
1786,АДР МТС,BBG000CSZKR2,MBT
1787,Linde,BBG00GVR8YQ9,LIN
1788,Eaton Corporation,BBG000BJ3PD2,ETN
1789,MicroStrategy Inc,BBG000GQJPZ0,MSTR
1790,Shake Shack Inc,BBG0063GCHH8,SHAK
1791,ON Semiconductor Corp,BBG000DV7MX4,ON
1792,Exxon Mobil Corporation,BBG000GZQ728,XOM
1793,Micro Focus,BBG00HFWVGN0,MFGP
1794,Murphy Oil,BBG000BPMH90,MUR
1795,Tesla Motors,BBG000N9MNX3,TSLA
1796,Guardant Health Inc,BBG006D97VY9,GH
1797,Aspen Technology Inc,BBG000DFMXT3,AZPN
1798,McCormick & Co,BBG000G6Y5W4,MKC
1799,TPI Composites Inc,BBG0016MQ7C5,TPIC
1800,Reliance Steel & Aluminum Co,BBG000CJ2181,RS
1801,Las Vegas Sands Corp,BBG000JWD753,LVS
1802,М.видео,BBG004S68CP5,MVID
1803,Timken Co The,BBG000BV95H9,TKR
1804,Children's Place Inc The,BBG000JK9DK4,PLCE
1805,MyoKardia Inc,BBG003DKQRK4,MYOK
1806,Юнипро,BBG004S686W0,UPRO
1807,АВТОВАЗ - акции привилегированные,BBG000RSJ0Y0,AVAZP
1808,Dave & Buster's Entertainment Inc,BBG001WWJTK5,PLAY
1809,Strategic Education Inc,BBG000GRZDV1,STRA
1810,Erie IndemnIty Co,BBG000BBTJZ1,ERIE
1811,МГТС - акции привилегированные,BBG000PZ0833,MGTSP
1812,Automatic Data Processing,BBG000JG0547,ADP
1813,Deluxe Corp,BBG000BH6360,DLX
1814,IPG,BBG000C90DH9,IPG
1815,Visteon Corp,BBG0016T3GQ0,VC
1816,PPL,BBG000BRJL00,PPL
1817,Splunk,BBG001C7TST4,SPLK
1818,M&T Bank,BBG000D9KWL9,MTB
1819,Lumen Technologies,BBG000BGLRN3,LUMN
1820,Lowe's,BBG000BNDN65,LOW
1821,Green Dot Corp,BBG000QDJT53,GDOT
1822,Verint Systems Inc,BBG000BCBYT2,VRNT
1823,Raytheon,BBG000BSD7C2,RTN
1824,Materion Corp,BBG000BDTT76,MTRN
1825,Enanta Pharmaceuticals Inc,BBG001V9NSB4,ENTA
1826,Gibraltar Industries Inc,BBG000BKQDQ7,ROCK
1827,Keysight Technologies Inc,BBG0059FN811,KEYS
1828,Delphi Technologies,BBG00GTWPCQ0,DLPH
1829,Pool Corp,BBG000BCVG28,POOL
1830,Alexandria Real Estate Equities REIT,BBG000BC33T9,ARE
1831,Union Pacific Corporation,BBG000BW3299,UNP
1832,Willis Towers Watson,BBG000DB3KT1,WTW
1833,Johnson Outdoors Inc,BBG000HCXFS4,JOUT
1834,Zillow Group Inc,BBG000D13GN8,ZG
1835,Equifax,BBG000BHPL78,EFX
1836,Group 1 Automotive Inc,BBG000BB88K4,GPI
1837,Texas Roadhouse Inc,BBG000PSJMV7,TXRH
1838,F5,BBG000CXYSZ6,FFIV
1839,Cars.com Inc,BBG000HGTH33,CARS
1840,Southern Copper Corp,BBG000BSHH72,SCCO
1841,ВСМПО-АВИСМА,BBG004S68CV8,VSMO
1842,NIKE,BBG000C5HS04,NKE
1843,British American Tobacco,BBG000BWPXQ8,BTI
1844,HB Fuller Co,BBG000BJZ7V7,FUL
1845,Synopsys,BBG000BSFRF3,SNPS
1846,UnitedHealth,BBG000CH5208,UNH
1847,Matson Inc,BBG000BBK401,MATX
1848,NuVasive Inc,BBG000LNL298,NUVA
1849,Aptiv,BBG001QD41M9,APTV
1850,China Biologic Products Holdings,BBG00H6YFFF5,CBPO
1851,Neogen Corp,BBG000C1BCK2,NEOG
1852,Корпорация ИРКУТ,BBG000FWGSZ5,IRKT
1853,Power Integrations Inc,BBG000BTT3D1,POWI
1854,Woodward Inc,BBG000BD53V2,WWD
1855,Intuit,BBG000BH5DV1,INTU
1856,Electronic Arts,BBG000BP0KQ8,EA
1857,H&R Block,BBG000BLDV98,HRB
1858,Ростелеком,BBG004S682Z6,RTKM
1859,JB Hunt,BBG000BMDBZ1,JBHT
1860,Dillard's Inc,BBG000BS4MP5,DDS
1861,QIWI,BBG005D1WCQ1,QIWI
1862,Пермэнергосбыт - акции привилегированные,BBG000MZL2S9,PMSBP
1863,Tempur Sealy International Inc,BBG000PXGT62,TPX
1864,PNC Financial Services,BBG000BRD0D8,PNC
1865,BorgWarner,BBG000BJ49H3,BWA
1866,SVB Financial Group,BBG000BT0CM2,SIVB
1867,Vornado REIT,BBG000BWHD54,VNO
1868,Wynn Resorts,BBG000LD9JQ8,WYNN
1869,MercadoLibre Inc,BBG000GQPB11,MELI
1870,Zillow Group Inc,BBG009NRSWJ4,Z
1871,A. O. Smith Corporation,BBG000BC1L02,AOS
1872,Old Dominion Freight Line Inc,BBG000CHSS88,ODFL
1873,Veoneer Inc,BBG00K4MPP27,VNE
1874,Amgen,BBG000BBS2Y0,AMGN
1875,Мультисистема,BBG001BBSZV8,MSST
1876,Wal-Mart Stores,BBG000BWXBC2,WMT
1877,МОЭСК,BBG004S687G6,MSRS
1878,EOG Resources,BBG000BZ9223,EOG
1879,Zions Bancorporation,BBG000BX9WL1,ZION
1880,John B Sanfilippo & Son Inc,BBG000CHPMY5,JBSS
1881,Brighthouse Financial,BBG00DYPZ4T0,BHF
1882,Digital Realty REIT,BBG000Q5ZRM7,DLR
1883,Advanced Energy Industries Inc,BBG000FKMP26,AEIS
1884,Ciena Corp,BBG000BP1152,CIEN
1885,Avient Corporation,BBG000C8NJ10,AVNT
1886,ЮУНК,BBG002YFXL29,UNKL
1887,Dun & Bradstreet,BBG000BB2PW9,DNB
1888,ANSYS,BBG000GXZ4W7,ANSS
1889,ПАО «КАЗАНЬОРГСИНТЕЗ»,BBG0029SFXB3,KZOS
1890,Sykes Enterprises Inc,BBG000BBHPV4,SYKE
1891,Flowserve,BBG000FFH4P5,FLS
1892,Boston Beer Co Inc The,BBG000BCZBF1,SAM
1893,Calavo Growers Inc,BBG000BGPQW1,CVGW
1894,Carlisle Companies Incorporated,BBG000BGGBT8,CSL
1895,IBM,BBG000BLNNH6,IBM
1896,Ventas REIT,BBG000FRVHB9,VTR
1897,Casey's General Stores Inc,BBG000BF0672,CASY
1898,UUFP Industries, Inc,BBG000BL0T06,UFPI
1899,Elanco Animal Health Inc,BBG00LJYS1P8,ELAN
1900,Dycom Industries Inc,BBG000C4SKT1,DY
1901,МегаФон,BBG003NXF5V3,MFON
1902,Hewlett Packard Enterprise,BBG0078W3NQ3,HPE
1903,Verizon Communications,BBG000HS77T5,VZ
1904,Paycom Software Inc,BBG0064N0ZZ5,PAYC
1905,Werner Enterprises Inc,BBG000BWPP85,WERN
1906,Teleflex Inc,BBG000BV59Y6,TFX
1907,ТГК-2,BBG000Q7GG57,TGKB
1908,Sempra Energy,BBG000C2ZCH8,SRE
1909,Block,BBG0018SLC07,SQ
1910,SPX FLOW Inc,BBG007FL7ZD2,FLOW
1911,Repligen Corporation,BBG000BS48J3,RGEN
1912,Berkshire Hathaway,BBG000DWG505,BRK.B
1913,Virtusa Corp,BBG000QCG7M7,VRTU
1914,Россети Северо-Запад,BBG000TJ6F42,MRKZ
1915,LIthia Motors Inc,BBG000K3BC83,LAD
1916,Methode Electronics Inc,BBG000BNY197,MEI
1917,Норильский никель,BBG004731489,GMKN
1918,GoDaddy Inc,BBG006MDLY05,GDDY
1919,AbbVie,BBG0025Y4RY4,ABBV
1920,SolarEdge Technologies Inc,BBG0084BBZY6,SEDG
1921,Western Union,BBG000BB5373,WU
1922,Exelon Corporation,BBG000J6XT05,EXC
1923,News Corp,BBG0035M2ZB7,NWS
1924,Nasdaq,BBG000F5VVB6,NDAQ
1925,Continental Resources Inc,BBG000BHBGN6,CLR
1926,Pioneer Natural Resources,BBG000BXRPH1,PXD
1927,Citrix Systems,BBG000FQ6PY6,CTXS
1928,Xilinx,BBG000C0F570,XLNX
1929,Aramark,BBG001KY4N87,ARMK
1930,L3Harris Technologies Inc,BBG000BLGFJ9,LHX
1931,Татнефть,BBG004RVFFC0,TATN
1932,Morgan Stanley,BBG000BLZRJ2,MS
1933,ServiceNow Inc,BBG000M1R011,NOW
1934,NVIDIA,BBG000BBJQV0,NVDA
1935,Keurig Dr Pepper,BBG000TJM7F0,KDP
1936,Yum!,BBG000BH3GZ2,YUM
1937,MillerKnoll,BBG000BP46T2,MLKN
1938,Masco,BBG000BNNKG9,MAS
1939,Visa,BBG000PSKYX7,V
1940,Chegg Inc,BBG0014XR0N5,CHGG
1941,Consolidated Edison,BBG000BHLYS1,ED
1942,Merck,BBG000BPD168,MRK
1943,Bio-Rad Laboratories Inc,BBG000DY28W5,BIO
1944,Alarm com Holdings Inc,BBG007GNPYY7,ALRM
1945,Bluebird Bio Inc,BBG000QGWY50,BLUE
1946,Fifth Third Bancorp,BBG000BJL3N0,FITB
1947,МРСК Урала,BBG000VKG4R5,MRKU
1948,Банк Санкт-Петербург,BBG000QJW156,BSPB
1949,Таттелеком,BBG000RJL816,TTLK
1950,Capital One,BBG000BGKTF9,COF
1951,AMETEK,BBG000B9XG87,AME
1952,iRobot Corp,BBG000HXJB21,IRBT
1953,Hartford Financial Services,BBG000G0Z878,HIG
1954,Crocs Inc,BBG000BLY663,CROX
1955,C.H. Robinson Worldwide,BBG000BTCH57,CHRW
1956,Mondelez,BBG000D4LWF6,MDLZ
1957,MEDNAX Inc,BBG000H8LGK2,MD
1958,CME GROUP,BBG000BHLYP4,CME
1959,Huntington Bancshares,BBG000BKWSR6,HBAN
1960,Dorman Products Inc,BBG000BM22F5,DORM
1961,Mylan NV,BBG000BPQD31,MYL
1962,Diamondback Energy Inc,BBG002PHSYX9,FANG
1963,Signet Jewelers,BBG000C4ZZ10,SIG
1964,The Cooper Companies,BBG000BG3445,COO
1965,Global Payments,BBG000CX0P89,GPN
1966,WellCare Health Plans Inc,BBG000CLVM51,WCG
1967,Fair Isaac Corp,BBG000DW76Y6,FICO
1968,Travelers Cos,BBG000BJ81C1,TRV
1969,Chart Industries Inc,BBG000P1K2X6,GTLS
1970,Celgene,BBG000BFC8J2,CELG
1971,Waters,BBG000FQRVM3,WAT
1972,FedEx,BBG000BJF1Z8,FDX
1973,Trade Desk Inc/The,BBG00629NGT2,TTD
1974,Discover Financial Services,BBG000QBR5J5,DFS
1975,REX American Resources Corp,BBG000D2ZK61,REX
1976,Penumbra Inc,BBG001BP92V1,PEN
1977,Alteryx Inc,BBG000BGZT72,AYX
1978,Charles River Laboratories Int,BBG000BG5BL8,CRL
1979,РУСАЛ,BBG008F2T3T2,RUAL
1980,Wells Fargo & Company,BBG000BWQFY7,WFC
1981,Foot Locker,BBG000BX8DC4,FL
1982,Башнефть - привилегированные акции,BBG004S686N0,BANEP
1983,Pfizer,BBG000BR2B91,PFE
1984,PG&E,BBG000BQWPC5,PCG
1985,Mid-America Apartment REIT,BBG000BLMY92,MAA
1986,Omnicell Inc,BBG000BTNGZ4,OMCL
1987,Rollins,BBG000BSBBP1,ROL
1988,Bottomline Technologies DE Inc,BBG000BRNH31,EPAY
1989,Twenty-First Century Fox,BBG00JHNKJY8,FOX
1990,Legg Mason,BBG000BNBPQ0,LM
1991,Deere & Company,BBG000BH1NH9,DE
1992,MetLife,BBG000BB6KF5,MET
1993,Полюс Золото,BBG000R607Y3,PLZL
1994,Cavco Industries Inc,BBG000K4WS65,CVCO
1995,Heritage-Crystal Clean Inc,BBG000CCFB17,HCCI
1996,Changyou com Ltd,BBG000BGR6S8,CYOU
1997,CorVel Corp,BBG000CVKZY0,CRVL
1998,SCANA,BBG000BSLLB3,SCG
1999,HealthEquity Inc,BBG000TYXCT9,HQY
2000,Chevron,BBG000K4ND22,CVX
2001,Московская Биржа,BBG004730JJ5,MOEX
2002,Corning,BBG000BKFZM4,GLW
2003,ЛУКОЙЛ,BBG004731032,LKOH
2004,Wyndham Hotels & Resorts,BBG00HCY3Q67,WH
2005,Guangshen Railway,BBG000GLG0G0,GSH
2006,Proofpoint Inc,BBG000RQ2GY7,PFPT
2007,Total System Services,BBG000C1JTL6,TSS
2008,Whirlpool,BBG000BWSV34,WHR
2009,Трубная Металлургическая Компания,BBG004TC84Z8,TRMK
2010,Allegiant Travel Co,BBG000LJS6B8,ALGT
2011,Howmet Aerospace,BBG00DYNJGH9,HWM
2012,Ford,BBG000BQPC32,F
2013,MAXIMUS Inc,BBG000BC5WJ4,MMS
2014,China Southern Airlines,BBG000BXQ7R1,ZNH
2015,Aon PLC,BBG000BC15S7,AON
2016,Cboe Global Markets Inc,BBG000QH56C1,CBOE
2017,Select Energy Services Inc,BBG00G4Y2DC1,WTTR
2018,Arthur J. Gallagher & Co,BBG000BBHXQ3,AJG
2019,Semtech Corp,BBG000DBKR53,SMTC
2020,МРСК Центра и Приволжья,BBG000VG1034,MRKP
2021,AAR Corp,BBG000BBGQF1,AIR
2022,Veritiv Corp,BBG005XZHR97,VRTV
2023,United Parcel Service,BBG000L9CV04,UPS
2024,Taiwan Semiconductor Manufacturing,BBG000BD8ZK0,TSM
2025,New Jersey Resources Corp,BBG000BPZVW9,NJR
2026,UDR REIT,BBG000C41023,UDR
2027,TCR2 Therapeutics Inc,BBG00FH3FM15,TCRR
2028,Российские сети,BBG004S682J4,RSTI
2029,Quidel Corp,BBG000C6GN04,QDEL
2030,JD.com,BBG005YHY0Q7,JD
2031,HCA Healthcare,BBG000QW7VC1,HCA
2032,Discovery Communications (C),BBG000VMWHH5,DISCK
2033,CVS Health Corporation,BBG000BGRY34,CVS
2034,Barrett Business Services Inc,BBG000BHJSC4,BBSI
2035,Newfield Exploration,BBG000BK6G19,NFX
2036,McDonald’s,BBG000BNSZP1,MCD
2037,РБК,BBG001DJNR51,RBCM
2038,ONEOK,BBG000BQHGR6,OKE
2039,Semiconductor Manufacturing,BBG000LBQM77,SMI
2040,Nexstar Media Group Inc,BBG000DZJVH0,NXST
2041,American States Water Co,BBG000F964B6,AWR
2042,SiteOne Landscape Supply Inc,BBG009T22D49,SITE
2043,Kennametal Inc,BBG000BMWKC5,KMT
2044,FleetCor Technologies Inc,BBG000GPXKX9,FLT
2045,Terminix Global Holdings,BBG002WMH2F2,TMX
2046,Cerner,BBG000BFDLV8,CERN
2047,Crown Castle REIT,BBG000FV1Z23,CCI
2048,Crown Holdings Inc,BBG000BF6756,CCK
2049,Ubiquiti Inc,BBG001R72SR9,UI
2050,AMC Networks Inc,BBG000H01H92,AMCX
2051,McKesson,BBG000DYGNW7,MCK
2052,DuPont de Nemours Inc,BBG00BN961G4,DD
2053,Churchill Downs Inc,BBG000BGXMG9,CHDN
2054,PayPal Holdings,BBG0077VNXV6,PYPL
2055,Crane Co,BBG000BG7423,CR
2056,Robert Half,BBG000BS5DR2,RHI
2057,Rogers Corp,BBG000BS9HN3,ROG
2058,Integra LifeSciences Holdings,BBG000BZJQL8,IART
2059,Neurocrine Biosciences Inc,BBG000GJS7C1,NBIX
2060,Вторая генерирующая компания оптового рынка электроэнергии,BBG000RK52V1,OGKB
2061,Biglari Holdings Inc,BBG00JPRDQH1,BH
2062,Rockwell Automation,BBG000BBCDZ2,ROK
2063,Trex Co Inc,BBG000BTGKK9,TREX
2064,Axon Enterprise Inc,BBG000BHJWG1,AXON
2065,Agilent Technologies,BBG000C2V3D6,A
2066,Raytheon Technologies,BBG000BW8S60,RTX
2067,Westlake Chemical,BBG000PXZFW2,WLK
2068,Caterpillar,BBG000BF0K17,CAT
2069,Winnebago Industries Inc,BBG000BWS3F3,WGO
2070,Maxim Integrated Products Inc,BBG000BPNP00,MXIM
2071,Navient,BBG004MN1R41,NAVI
2072,Башнефть,BBG004S68758,BANE
2073,Sotheby's,BBG000BD6GP9,BID
2074,Seagen Inc.,BBG000BH0FR6,SGEN
2075,MTS Systems Corp,BBG000BPL8G3,MTSC
2076,Starbucks Corporation,BBG000CTQBF3,SBUX
2077,Belden Inc,BBG000Q4XNV1,BDC
2078,RH,BBG002293PJ4,RH
2079,Xylem,BBG001D8R5D0,XYL
2080,InterDigItal Inc,BBG000HLJ7M4,IDCC
2081,Amedisys Inc,BBG000B9ZV28,AMED
2082,Progressive,BBG000BR37X2,PGR
